date,open,high,low,close,volume,amount,factor
2020-05-06,5.11,6.17,5.11,6.17,2646,1671.425,1.0
2020-05-07,6.8,6.8,6.8,6.8,641,446.616,1.0
2020-05-08,7.5,7.5,7.5,7.5,606,464.617,1.0
2020-05-11,8.27,8.27,8.27,8.27,1139,961.67,1.0
2020-05-12,9.11,9.11,9.11,9.11,3132,2906.338,1.0
2020-05-13,10.04,10.04,10.04,10.04,2015,2057.427,1.0
2020-05-14,11.06,11.06,11.06,11.06,3147,3534.339,1.0
2020-05-15,12.18,12.18,12.18,12.18,3117,3848.951,1.0
2020-05-18,13.42,13.42,13.42,13.42,14317,19457.265,1.0
2020-05-19,14.78,14.78,14.78,14.78,6971,10421.899,1.0
2020-05-20,16.28,16.28,16.28,16.28,3606,5931.491,1.0
2020-05-21,17.93,17.93,17.93,17.93,2501,4527.099,1.0
2020-05-22,19.74,19.74,19.74,19.74,10183,20274.293,1.0
2020-05-25,21.33,21.33,17.83,18.72,600169,1164511.216,1.0
2020-05-26,17.87,18.29,17.09,17.38,412341,736084.672,1.0
2020-05-27,17.44,18.61,17.44,18.22,427363,778038.544,1.0
2020-05-28,17.83,19.17,17.13,18.72,393319,713572.912,1.0
2020-05-29,18.64,19.03,17.28,17.63,347602,635141.648,1.0
2020-06-01,17.13,17.52,16.48,17.19,274629,472153.408,1.0
2020-06-02,16.94,17.82,16.55,17.81,321174,557933.232,1.0
2020-06-03,17.46,17.67,16.93,17.01,222873,388981.296,1.0
2020-06-04,17.1,17.28,16.46,16.46,180758,306886.496,1.0
2020-06-05,16.47,16.68,16.04,16.61,145609,241314.981,1.0
2020-06-08,16.78,17.1,16.54,17.07,167959,286499.04,1.0
2020-06-09,17.02,17.02,16.44,16.6,135393,228336.947,1.0
2020-06-10,16.48,17.01,16.13,16.88,145937,246545.684,1.0
2020-06-11,17.09,17.21,16.49,16.93,163808,278460.336,1.0
2020-06-12,16.33,17.29,16.22,17.24,204432,350256.08,1.0
2020-06-15,17.41,18.19,16.61,16.65,233491,410416.656,1.0
2020-06-16,16.72,17.03,16.48,16.89,138729,235015.335,1.0
2020-06-17,16.92,17.31,16.73,17.21,159162,274513.12,1.0
2020-06-18,17.01,17.04,16.58,16.67,135196,228146.478,1.0
2020-06-19,16.59,16.72,16.17,16.19,140999,232719.178,1.0
2020-06-22,16.13,16.33,16.04,16.26,80896,132291.377,1.0
2020-06-23,16.28,16.46,16.07,16.07,81587,133927.583,1.0
2020-06-24,15.86,15.95,15.33,15.39,130508,204750.165,1.0
2020-06-29,15.25,15.56,15.13,15.43,61638,95541.989,1.0
2020-06-30,15.42,15.63,15.39,15.47,74238,116278.774,1.0
2020-07-01,15.56,15.78,15.28,15.53,81057,127280.645,1.0
2020-07-02,15.34,15.89,15.33,15.86,103208,163953.634,1.0
2020-07-03,15.88,15.99,15.53,15.78,98086,155989.423,1.0
2020-07-06,15.83,16.42,15.81,16.35,139046,226614.276,1.0
2020-07-07,16.48,17.07,16.16,16.63,186396,312767.504,1.0
2020-07-08,16.46,18.13,16.41,17.83,277543,488211.376,1.0
2020-07-09,17.72,18.26,17.4,18.09,250279,449202.88,1.0
2020-07-10,18.42,19.29,18.18,18.33,260581,491307.328,1.0
2020-07-13,17.93,18.83,17.93,18.83,201256,376599.216,1.0
2020-07-14,19.17,19.17,17.04,17.43,239342,431996.0,1.0
2020-07-15,17.71,17.75,16.53,16.72,145376,249520.027,1.0
2020-07-16,16.54,16.8,15.51,15.55,118091,192096.237,1.0
2020-07-17,15.56,15.78,15.25,15.59,64937,102023.161,1.0
2020-07-20,15.8,16.12,15.63,16.07,61984,99671.044,1.0
2020-07-21,16.08,16.21,15.89,16.09,51837,84062.398,1.0
2020-07-22,15.97,16.24,15.89,15.98,54725,88785.477,1.0
2020-07-23,15.94,15.94,15.27,15.62,66943,105182.94,1.0
2020-07-24,15.63,15.94,15.14,15.16,74154,116068.416,1.0
2020-07-27,15.17,15.25,14.58,14.75,55006,82123.395,1.0
2020-07-28,14.71,14.98,14.71,14.93,35885,54004.385,1.0
2020-07-29,14.86,15.38,14.73,15.36,44794,68378.783,1.0
2020-07-30,15.63,15.75,15.22,15.25,47334,73711.835,1.0
2020-07-31,15.24,15.45,15.04,15.29,41889,64618.767,1.0
2020-08-03,15.38,15.68,15.38,15.68,53306,83918.917,1.0
2020-08-04,15.8,16.23,15.58,16.12,98494,158479.238,1.0
2020-08-05,16.75,16.96,16.11,16.12,102905,171021.373,1.0
2020-08-06,15.81,16.01,15.39,15.73,79467,126124.867,1.0
2020-08-07,15.61,15.62,15.07,15.23,56830,87996.406,1.0
2020-08-10,15.21,15.48,15.13,15.42,33312,51733.6,1.0
2020-08-11,15.37,15.39,14.87,14.91,43380,66487.666,1.0
2020-08-12,14.93,14.99,14.49,14.76,38118,56531.995,1.0
2020-08-13,14.86,14.98,14.77,14.83,27480,41365.496,1.0
2020-08-14,14.83,14.96,14.68,14.94,24935,37397.775,1.0
2020-08-17,14.97,15.18,14.88,15.15,29543,45067.695,1.0
2020-08-18,15.16,15.21,15.06,15.16,27700,42351.588,1.0
2020-08-19,15.11,15.13,14.7,14.7,34653,52145.749,1.0
2020-08-20,14.68,14.89,14.49,14.71,27001,40126.378,1.0
2020-08-21,14.83,15.24,14.83,15.02,36436,55449.919,1.0
2020-08-24,15.01,15.23,14.61,15.07,42039,63717.66,1.0
2020-08-25,15.13,15.97,15.0,15.69,101903,159938.004,1.0
2020-08-26,15.56,15.59,15.11,15.13,56961,88402.787,1.0
2020-08-27,15.05,15.63,14.76,15.45,58013,90209.07,1.0
2020-08-28,15.4,15.81,15.18,15.69,69531,109649.286,1.0
2020-08-31,15.7,16.43,15.69,15.78,91794,148851.52,1.0
2020-09-01,15.78,16.19,15.58,15.91,69190,111155.348,1.0
2020-09-02,15.9,16.53,15.65,16.4,115156,187963.951,1.0
2020-09-03,16.33,16.33,15.71,15.75,82402,132717.858,1.0
2020-09-04,15.28,16.27,15.21,16.08,78070,125749.212,1.0
2020-09-07,16.09,16.7,16.01,16.32,108316,179466.237,1.0
2020-09-08,16.36,16.7,15.96,16.63,103690,172025.264,1.0
2020-09-09,16.39,17.81,16.12,16.98,218941,377895.424,1.0
2020-09-10,17.03,17.31,14.41,14.41,180899,289517.676,1.0
2020-09-11,13.61,14.21,13.27,13.96,99737,138465.406,1.0
2020-09-14,14.03,15.02,13.93,14.54,74288,108630.308,1.0
2020-09-15,14.41,15.26,14.41,14.93,72429,108778.96,1.0
2020-09-16,14.79,15.13,14.53,14.87,60838,91308.812,1.0
2020-09-17,14.88,15.71,14.74,15.41,91233,141860.079,1.0
2020-09-18,15.2,15.96,15.18,15.42,78172,122632.219,1.0
2020-09-21,15.32,15.71,15.31,15.43,52777,82666.056,1.0
2020-09-22,15.17,15.52,14.99,15.17,47775,73817.73,1.0
2020-09-23,15.2,15.41,15.15,15.3,32358,49929.208,1.0
2020-09-24,15.18,15.98,15.09,15.45,84659,133755.048,1.0
2020-09-25,15.31,15.98,14.78,14.78,82314,127677.029,1.0
2020-09-28,14.61,17.2,14.61,15.86,172061,280456.712,1.0
2020-09-29,15.8,16.11,15.08,15.22,104583,163943.163,1.0
2020-09-30,15.24,15.38,14.05,14.23,112809,166554.951,1.0
2020-10-09,14.43,16.07,14.3,15.93,143587,225903.933,1.0
2020-10-12,16.33,16.58,15.84,16.5,127812,210163.992,1.0
2020-10-13,16.51,16.93,16.17,16.61,125745,210783.242,1.0
2020-10-14,16.81,16.86,16.38,16.56,90131,151311.738,1.0
2020-10-15,16.51,17.19,16.23,16.67,110661,187656.11,1.0
2020-10-16,16.68,16.84,16.18,16.44,85365,141987.579,1.0
2020-10-19,16.34,17.16,16.34,16.8,106338,181450.591,1.0
2020-10-20,16.83,17.82,16.63,17.33,133805,234719.341,1.0
2020-10-21,17.33,17.43,16.63,16.87,80977,138942.141,1.0
2020-10-22,16.81,17.58,16.49,17.46,94869,164522.865,1.0
2020-10-23,17.72,17.93,16.43,16.55,140113,243699.437,1.0
2020-10-26,16.42,17.82,16.38,17.63,164552,288176.928,1.0
2020-10-27,17.54,17.92,16.63,17.12,115769,199652.292,1.0
2020-10-28,16.94,17.18,15.49,16.89,134799,222263.701,1.0
2020-10-29,16.43,16.58,15.8,15.81,101593,165782.968,1.0
2020-10-30,15.81,16.35,15.44,15.48,74496,119946.557,1.0
2020-11-02,15.6,16.88,15.28,16.67,124972,205639.439,1.0
2020-11-03,16.93,17.3,16.45,17.11,162096,276318.16,1.0
2020-11-04,19.73,20.57,17.54,18.31,400892,759266.64,1.0
2020-11-05,17.84,18.51,17.53,17.9,239254,433545.296,1.0
2020-11-06,17.77,17.89,16.32,16.51,200670,344736.176,1.0
2020-11-09,16.61,17.2,16.37,16.99,118825,202424.346,1.0
2020-11-10,16.94,17.03,16.23,16.33,93542,156312.461,1.0
2020-11-11,16.33,16.43,15.93,16.05,53015,86258.311,1.0
2020-11-12,16.09,16.31,15.96,16.22,49471,80611.914,1.0
2020-11-13,16.11,16.15,15.84,15.94,46139,74497.907,1.0
2020-11-16,16.04,16.06,15.44,15.53,58696,92639.203,1.0
2020-11-17,15.55,15.66,15.1,15.28,53201,82183.044,1.0
2020-11-18,15.19,15.52,15.13,15.43,37754,58649.942,1.0
2020-11-19,15.31,15.8,15.18,15.52,45027,70674.295,1.0
2020-11-20,15.73,15.96,15.54,15.91,64399,102738.691,1.0
2020-11-23,16.01,16.26,15.64,15.66,54379,87220.81,1.0
2020-11-24,15.53,15.8,15.33,15.51,35133,55364.729,1.0
2020-11-25,15.41,15.61,15.24,15.24,39103,60825.608,1.0
2020-11-26,15.23,15.36,14.98,15.06,34664,53001.656,1.0
2020-11-27,14.96,15.12,14.69,14.89,31366,47179.203,1.0
2020-11-30,14.84,15.06,14.73,14.95,27486,41522.194,1.0
2020-12-01,14.87,15.17,14.87,15.05,26989,41076.67,1.0
2020-12-02,15.01,15.18,14.98,15.09,28791,43863.816,1.0
2020-12-03,14.99,15.24,14.92,15.03,32025,48827.052,1.0
2020-12-04,15.08,15.13,14.98,15.01,23633,35908.975,1.0
2020-12-07,14.94,15.08,14.48,14.5,36477,54506.809,1.0
2020-12-08,14.5,14.64,14.24,14.61,33633,49252.933,1.0
2020-12-09,14.65,14.65,13.98,14.03,38448,55447.87,1.0
2020-12-10,14.03,14.12,13.79,13.92,26137,36854.105,1.0
2020-12-11,13.97,13.97,13.4,13.59,36670,50422.463,1.0
2020-12-14,13.46,13.78,13.46,13.72,18877,26106.464,1.0
2020-12-15,13.75,13.78,13.49,13.63,15330,21143.169,1.0
2020-12-16,13.68,13.69,13.06,13.13,28278,38132.317,1.0
2020-12-17,13.03,13.32,12.71,13.24,30220,39806.182,1.0
2020-12-18,13.23,13.33,12.88,12.91,20366,26944.803,1.0
2020-12-21,12.86,13.09,12.84,12.99,16026,21081.354,1.0
2020-12-22,12.91,13.33,12.76,13.0,37541,49713.345,1.0
2020-12-23,13.0,13.16,12.87,12.89,23143,30384.649,1.0
2020-12-24,12.89,12.89,11.87,11.88,58773,72888.608,1.0
2020-12-25,11.48,12.35,11.48,12.26,40423,49715.982,1.0
2020-12-28,12.37,12.37,11.76,11.83,28628,34620.788,1.0
2020-12-29,11.89,12.26,11.87,12.11,26244,32175.364,1.0
2020-12-30,12.21,12.21,11.83,11.94,20195,24543.295,1.0
2020-12-31,11.94,12.19,11.91,11.97,22343,27208.954,1.0
2021-01-04,11.85,12.26,11.83,12.18,24641,30263.719,1.0
2021-01-05,12.12,12.36,12.07,12.17,26668,33014.898,1.0
2021-01-06,12.11,12.27,11.69,11.77,30599,36822.71,1.0
2021-01-07,11.59,11.7,10.84,10.99,50080,56963.773,1.0
2021-01-08,10.95,11.18,10.54,10.96,28239,31449.976,1.0
2021-01-11,10.96,11.08,10.54,10.59,26497,28807.466,1.0
2021-01-12,10.55,10.89,10.46,10.53,21790,23572.166,1.0
2021-01-13,10.61,10.61,10.04,10.05,32901,34047.665,1.0
2021-01-14,9.93,10.26,9.86,10.15,24646,25371.634,1.0
2021-01-15,10.24,11.16,10.11,10.85,52622,57422.728,1.0
2021-01-18,10.78,11.31,10.78,11.01,39168,44075.732,1.0
2021-01-19,11.01,11.21,10.91,11.04,28977,32668.52,1.0
2021-01-20,11.04,11.62,11.04,11.35,34517,39619.445,1.0
2021-01-21,11.26,11.38,11.14,11.14,26539,30258.311,1.0
2021-01-22,11.12,11.14,10.86,10.99,20577,22872.48,1.0
2021-01-25,10.99,10.99,10.44,10.55,22296,24066.396,1.0
2021-01-26,10.53,10.88,10.44,10.66,19321,21035.587,1.0
2021-01-27,10.63,10.9,10.54,10.79,16413,17934.087,1.0
2021-01-28,10.53,11.33,10.46,10.95,36864,41358.302,1.0
2021-01-29,10.88,11.12,10.64,10.85,25846,28530.042,1.0
2021-02-01,10.78,11.49,10.65,11.43,42130,48281.455,1.0
2021-02-02,11.41,11.82,11.25,11.33,48454,56945.687,1.0
2021-02-03,11.28,11.39,10.83,10.88,32578,36572.503,1.0
2021-02-04,10.93,10.93,10.02,10.29,35730,37655.941,1.0
2021-02-05,10.25,10.61,9.95,10.03,24034,24884.001,1.0
2021-02-08,10.08,10.27,9.84,9.84,18765,18941.313,1.0
2021-02-09,9.77,9.96,9.74,9.88,17792,17822.587,1.0
2021-02-10,9.96,10.01,9.83,9.86,15966,16060.676,1.0
2021-02-18,10.11,10.33,10.0,10.26,19289,20008.639,1.0
2021-02-19,10.31,10.65,10.03,10.61,21584,22920.491,1.0
2021-02-22,10.51,11.02,10.48,10.7,27790,30559.417,1.0
2021-02-23,10.71,10.75,10.39,10.45,19731,21119.161,1.0
2021-02-24,10.46,10.71,10.43,10.52,15570,16706.327,1.0
2021-02-25,10.54,10.73,10.27,10.3,15898,16751.564,1.0
2021-02-26,10.25,10.51,10.1,10.39,14569,15348.084,1.0
2021-03-01,10.38,10.87,10.38,10.87,28671,31209.281,1.0
2021-03-02,10.87,11.06,10.71,11.0,28884,31957.681,1.0
2021-03-03,10.84,11.13,10.84,10.92,18738,20798.998,1.0
2021-03-04,10.91,11.02,10.69,10.74,23265,25658.939,1.0
2021-03-05,10.69,10.97,10.69,10.92,15080,16648.642,1.0
2021-03-08,10.94,11.25,10.84,10.84,24998,28030.107,1.0
2021-03-09,10.94,11.01,10.1,10.4,27875,29780.472,1.0
2021-03-10,10.42,10.68,10.13,10.14,22497,23521.933,1.0
2021-03-11,10.09,10.48,9.94,10.47,19988,20904.331,1.0
2021-03-12,10.47,10.52,10.13,10.14,18551,19313.159,1.0
2021-03-15,10.15,10.22,9.97,10.02,15183,15559.872,1.0
2021-03-16,10.01,10.84,10.01,10.84,46301,49595.907,1.0
2021-03-17,10.75,11.02,10.66,10.87,35150,38715.182,1.0
2021-03-18,10.82,11.83,10.61,11.2,77519,88005.63,1.0
2021-03-19,11.06,11.73,11.05,11.33,73094,84429.869,1.0
2021-03-22,11.43,11.81,11.41,11.56,72907,86079.446,1.0
2021-03-23,11.52,11.62,11.12,11.25,54692,62864.871,1.0
2021-03-24,11.11,11.41,11.02,11.17,36035,40866.843,1.0
2021-03-25,11.11,11.36,10.98,11.02,30805,34807.209,1.0
2021-03-26,11.13,11.23,10.83,11.03,26709,29990.772,1.0
2021-03-29,11.08,11.18,10.86,10.88,27996,31168.504,1.0
2021-03-30,10.86,10.95,10.35,10.37,35408,37794.188,1.0
2021-03-31,10.33,10.64,10.33,10.51,20107,21531.323,1.0
2021-04-01,10.45,10.54,10.35,10.45,14020,14834.306,1.0
2021-04-02,10.36,10.8,10.36,10.71,24247,26219.557,1.0
2021-04-06,10.76,11.18,10.63,11.08,36597,40981.868,1.0
2021-04-07,11.09,11.57,10.91,11.49,68477,78588.072,1.0
2021-04-08,11.36,11.72,11.13,11.19,64469,74587.349,1.0
2021-04-09,11.1,11.28,11.03,11.19,31525,35707.915,1.0
2021-04-12,11.16,11.22,10.77,10.79,30056,33403.369,1.0
2021-04-13,10.8,10.94,10.53,10.61,22491,24441.959,1.0
2021-04-14,10.64,11.2,10.51,11.04,33150,36784.742,1.0
2021-04-15,10.68,11.2,10.68,10.79,29343,32458.553,1.0
2021-04-16,10.79,11.25,10.78,11.23,40633,45778.292,1.0
2021-04-19,11.32,11.41,11.15,11.27,31413,35914.252,1.0
2021-04-20,11.25,11.32,10.99,11.0,27648,31281.3,1.0
2021-04-21,10.97,11.13,10.88,10.93,19031,21224.744,1.0
2021-04-22,11.0,11.09,10.83,10.85,18993,21111.797,1.0
2021-04-23,10.88,10.95,10.43,10.64,34081,36631.823,1.0
2021-04-26,10.62,10.62,10.13,10.15,43082,44999.291,1.0
2021-04-27,10.17,10.19,9.88,9.99,24155,24533.442,1.0
2021-04-28,9.89,10.05,9.86,9.93,18055,18250.234,1.0
2021-04-29,9.89,10.02,9.63,9.67,26982,27027.46,1.0
2021-04-30,9.64,9.68,8.63,8.78,59307,54265.96,1.0
2021-05-06,8.63,8.71,8.02,8.39,96590,81228.158,1.0
2021-05-07,8.33,8.38,8.17,8.21,36880,31038.017,1.0
2021-05-10,8.12,8.18,8.03,8.08,37251,30727.706,1.0
2021-05-11,8.17,8.32,8.08,8.19,36928,31009.12,1.0
2021-05-12,8.13,8.3,8.09,8.25,35085,29421.101,1.0
2021-05-13,8.19,8.38,8.12,8.23,45347,38402.372,1.0
2021-05-14,8.23,8.28,8.14,8.22,46493,38920.504,1.0
2021-05-17,8.22,8.25,8.02,8.04,42032,34775.39,1.0
2021-05-18,8.02,8.17,7.65,8.17,62492,50671.543,1.0
2021-05-19,8.23,8.82,8.17,8.42,96233,83204.765,1.0
2021-05-20,8.21,8.42,8.04,8.25,55713,46589.35,1.0
2021-05-21,8.25,8.47,8.16,8.33,47634,40548.999,1.0
2021-05-24,8.35,8.57,8.26,8.52,54939,47116.303,1.0
2021-05-25,8.52,8.53,8.27,8.45,41247,35380.858,1.0
2021-05-26,8.43,8.68,8.39,8.68,49197,42714.983,1.0
2021-05-27,8.69,9.32,8.58,9.01,107038,98067.653,1.0
2021-05-28,8.85,8.96,8.74,8.77,57647,51660.598,1.0
2021-05-31,8.77,8.77,8.6,8.7,37513,33140.99,1.0
2021-06-01,8.66,8.84,8.59,8.73,35859,31910.561,1.0
2021-06-02,8.75,8.75,8.47,8.51,43876,38308.818,1.0
2021-06-03,8.52,8.62,8.45,8.48,28486,24768.911,1.0
2021-06-04,8.46,8.61,8.43,8.52,26995,23473.105,1.0
2021-06-07,8.55,8.75,8.49,8.68,43130,37896.817,1.0
2021-06-08,8.7,8.7,8.53,8.58,34437,30143.032,1.0
2021-06-09,8.57,8.89,8.57,8.83,54111,48177.942,1.0
2021-06-10,8.85,9.28,8.74,9.12,97557,89874.753,1.0
2021-06-11,9.07,9.7,9.07,9.46,126378,121433.885,1.0
2021-06-15,9.4,9.4,9.09,9.11,82123,76770.886,1.0
2021-06-16,9.1,10.96,9.09,10.96,180981,198563.711,1.0
2021-06-17,10.96,11.23,10.1,10.82,378863,406521.408,1.0
2021-06-18,10.36,10.58,10.21,10.3,209957,220842.394,1.0
2021-06-21,10.11,10.51,9.94,10.26,148811,155621.032,1.0
2021-06-22,10.3,10.35,9.86,9.94,156491,158894.009,1.0
2021-06-23,9.94,10.15,9.75,10.03,122639,124457.15,1.0
2021-06-24,9.98,10.79,9.76,10.42,211251,222866.727,1.0
2021-06-25,10.25,10.35,9.8,9.88,140569,142204.281,1.0
2021-06-28,9.71,9.88,9.66,9.69,88522,87598.712,1.0
2021-06-29,9.82,10.25,9.68,9.95,115984,117235.764,1.0
2021-06-30,9.81,10.2,9.68,10.11,113757,115025.222,1.0
2021-07-01,10.09,10.6,9.77,10.43,174241,180609.95,1.0
2021-07-02,10.24,11.12,10.16,10.72,280121,304280.864,1.0
2021-07-05,11.06,11.23,10.45,10.75,247890,272221.152,1.0
2021-07-06,10.51,10.57,10.04,10.28,191902,199293.689,1.0
2021-07-07,10.08,10.27,9.97,10.19,112929,115768.884,1.0
2021-07-08,10.11,10.11,9.73,9.73,132398,132210.184,1.0
2021-07-09,9.58,9.87,9.54,9.77,66286,65681.386,1.0
2021-07-12,9.83,10.07,9.71,9.96,84014,84896.852,1.0
2021-07-13,10.0,10.07,9.78,9.9,71302,71430.193,1.0
2021-07-14,9.9,9.93,9.55,9.56,69576,68360.583,1.0
2021-07-15,9.56,9.61,9.0,9.09,86190,80561.987,1.0
2021-07-16,9.13,9.33,8.96,9.13,57731,53473.987,1.0
2021-07-19,9.08,9.08,8.83,8.99,43859,39737.559,1.0
2021-07-20,9.0,9.03,8.85,8.96,33509,30415.469,1.0
2021-07-21,8.94,9.25,8.93,9.18,54184,50306.858,1.0
2021-07-22,9.19,9.58,9.11,9.52,78091,74432.955,1.0
2021-07-23,9.38,9.74,9.25,9.68,87308,84129.156,1.0
2021-07-26,9.75,9.75,9.02,9.2,83522,79354.171,1.0
2021-07-27,9.12,9.4,9.07,9.16,51240,48095.997,1.0
2021-07-28,9.03,9.08,8.47,8.59,55792,49555.097,1.0
2021-07-29,8.63,8.87,8.63,8.75,38662,34491.278,1.0
2021-07-30,8.77,8.98,8.6,8.89,41687,37380.117,1.0
2021-08-02,8.81,9.34,8.73,9.24,64855,59997.588,1.0
2021-08-03,9.2,9.83,9.14,9.46,113267,109874.491,1.0
2021-08-04,9.39,9.59,9.34,9.5,66458,63852.136,1.0
2021-08-05,9.51,9.55,9.2,9.34,55556,52655.575,1.0
2021-08-06,9.32,9.35,9.05,9.18,41553,38690.651,1.0
2021-08-09,9.13,9.41,9.13,9.41,43961,41462.36,1.0
2021-08-10,9.49,9.61,9.34,9.54,66397,64246.24,1.0
2021-08-11,9.47,10.05,9.37,9.95,127009,126948.884,1.0
2021-08-12,9.96,10.94,9.85,10.5,318132,340063.984,1.0
2021-08-13,10.61,11.08,10.2,10.55,254279,272885.488,1.0
2021-08-16,10.56,10.85,10.18,10.71,197356,211336.365,1.0
2021-08-17,10.49,10.54,9.95,9.95,141908,146480.259,1.0
2021-08-18,9.96,10.25,9.76,10.04,107302,108679.575,1.0
2021-08-19,10.07,10.73,10.07,10.35,133550,141868.333,1.0
2021-08-20,10.21,10.94,10.15,10.69,200912,216859.961,1.0
2021-08-23,10.65,10.79,10.46,10.6,145090,156266.999,1.0
2021-08-24,10.61,10.74,10.47,10.63,116748,125617.801,1.0
2021-08-25,10.5,10.5,9.92,10.17,140502,144666.33,1.0
2021-08-26,10.17,10.23,9.8,9.83,100112,101525.873,1.0
2021-08-27,9.88,10.19,9.7,9.97,96315,97038.886,1.0
2021-08-30,10.0,10.12,9.7,9.75,74747,74928.112,1.0
2021-08-31,9.75,9.75,9.31,9.4,84440,81255.172,1.0
2021-09-01,9.44,9.59,9.25,9.49,48004,46102.314,1.0
2021-09-02,9.54,10.05,9.23,9.82,117451,116269.182,1.0
2021-09-03,9.66,10.28,9.65,9.89,130896,132900.463,1.0
2021-09-06,9.9,10.27,9.8,9.96,91130,92165.319,1.0
2021-09-07,9.94,10.07,9.81,9.98,72041,72574.338,1.0
2021-09-08,10.1,10.14,9.85,9.91,69341,70008.699,1.0
2021-09-09,9.91,10.0,9.59,9.69,75784,74960.699,1.0
2021-09-10,9.79,11.66,9.75,11.66,577540,665494.768,1.0
2021-09-13,11.85,13.62,11.45,12.84,743564,926351.008,1.0
2021-09-14,12.28,12.82,11.77,11.84,503054,623818.48,1.0
2021-09-15,11.87,12.11,11.18,11.5,346701,403073.76,1.0
2021-09-16,11.45,13.83,11.37,13.83,551077,696959.408,1.0
2021-09-17,13.98,15.29,13.36,13.75,643580,927362.768,1.0
2021-09-22,13.83,14.19,13.13,13.35,446795,616592.256,1.0
2021-09-23,13.52,13.66,12.37,12.51,392405,507217.808,1.0
2021-09-24,12.31,12.64,11.78,11.84,286380,350491.728,1.0
2021-09-27,11.94,12.05,10.75,11.05,228230,260719.744,1.0
2021-09-28,10.88,11.37,10.76,11.01,200296,224213.479,1.0
2021-09-29,11.08,13.24,11.08,13.24,386468,493357.296,1.0
2021-09-30,14.35,15.92,13.86,15.92,598054,915766.544,1.0
2021-10-08,16.99,17.29,14.02,14.08,800513,1240368.24,1.0
2021-10-11,14.4,14.58,12.56,12.84,540581,717211.232,1.0
2021-10-12,12.65,15.25,12.65,14.62,690998,990961.04,1.0
2021-10-13,14.02,14.02,12.7,13.38,423452,574475.056,1.0
2021-10-14,13.35,13.78,12.35,13.64,425355,565501.072,1.0
2021-10-15,13.55,13.62,12.73,12.76,340384,448586.56,1.0
2021-10-18,12.77,14.13,12.54,13.3,412122,555999.408,1.0
2021-10-19,12.88,14.05,12.57,13.52,397904,535335.552,1.0
2021-10-20,13.5,14.77,12.87,14.44,567174,797223.408,1.0
2021-10-21,14.05,14.25,13.65,13.79,378027,531114.784,1.0
2021-10-22,13.75,14.13,13.11,13.15,290638,396088.864,1.0
2021-10-25,12.85,14.0,12.7,13.55,306673,420760.112,1.0
2021-10-26,13.4,13.72,12.78,12.99,316555,419393.84,1.0
2021-10-27,12.55,12.55,11.39,11.43,364395,430965.712,1.0
2021-10-28,11.4,12.03,11.29,11.82,277351,327357.872,1.0
2021-10-29,11.48,12.3,11.4,12.21,283003,340827.712,1.0
2021-11-01,12.25,12.77,12.06,12.23,272637,340908.912,1.0
2021-11-02,12.2,12.82,11.9,12.27,266771,334187.84,1.0
2021-11-03,12.1,12.18,11.68,11.95,187421,225823.076,1.0
2021-11-04,11.87,12.51,11.87,12.39,252587,314533.888,1.0
2021-11-05,12.3,12.73,12.0,12.49,312954,391521.408,1.0
2021-11-08,12.49,13.75,11.97,13.05,376142,492807.232,1.0
2021-11-09,12.85,13.3,12.75,13.06,258765,340240.096,1.0
2021-11-10,12.88,13.2,12.47,13.18,259978,336779.28,1.0
2021-11-11,13.0,14.1,12.98,13.74,422029,575390.48,1.0
2021-11-12,13.45,13.98,13.39,13.53,300899,415674.24,1.0
2021-11-15,13.63,13.82,13.12,13.17,253746,342962.224,1.0
2021-11-16,13.02,13.45,12.92,12.93,223466,297408.432,1.0
2021-11-17,12.85,13.6,12.2,13.59,321872,422321.36,1.0
2021-11-18,13.47,13.52,12.78,12.98,257453,343578.496,1.0
2021-11-19,13.0,13.1,12.63,12.83,166115,216364.117,1.0
2021-11-22,12.94,13.35,12.56,13.32,238606,316500.48,1.0
2021-11-23,13.31,13.31,12.92,12.99,186695,246940.586,1.0
2021-11-24,12.99,13.11,12.86,12.9,141013,185125.006,1.0
2021-11-25,13.08,14.71,13.07,13.87,525750,739636.288,1.0
2021-11-26,13.96,14.03,13.45,13.46,321649,444835.744,1.0
2021-11-29,13.0,13.71,12.87,13.32,207064,278471.968,1.0
2021-11-30,13.35,13.62,12.97,13.22,258541,348553.792,1.0
2021-12-01,13.58,15.01,13.57,13.96,435922,625845.744,1.0
2021-12-02,13.89,14.38,13.45,13.47,285765,397371.776,1.0
2021-12-03,13.37,13.83,13.04,13.75,247620,337415.088,1.0
2021-12-06,13.64,14.32,13.38,13.93,270413,381352.304,1.0
2021-12-07,14.0,14.41,13.59,14.41,340583,487443.536,1.0
2021-12-08,14.24,14.74,13.98,14.19,285548,411513.776,1.0
2021-12-09,14.0,14.13,13.66,14.08,214598,300489.904,1.0
2021-12-10,14.25,15.0,13.93,13.94,331968,485522.544,1.0
2021-12-13,13.6,14.04,13.38,14.04,239869,331601.68,1.0
2021-12-14,13.78,13.9,13.61,13.8,165987,230614.057,1.0
2021-12-15,13.65,14.54,13.56,14.09,289861,411819.296,1.0
2021-12-16,13.85,14.2,13.75,13.98,187497,264370.614,1.0
2021-12-17,13.91,14.51,13.7,14.15,285944,410732.048,1.0
2021-12-20,13.95,14.21,12.37,12.55,342842,459688.688,1.0
2021-12-21,12.35,12.63,12.28,12.46,145340,183040.598,1.0
2021-12-22,12.44,12.67,12.0,12.04,181688,226655.025,1.0
2021-12-23,11.88,12.18,11.78,12.02,109105,132833.584,1.0
2021-12-24,12.11,12.11,11.38,11.43,141128,166715.611,1.0
2021-12-27,11.38,11.6,11.3,11.48,77904,90504.641,1.0
2021-12-28,11.48,11.69,11.42,11.64,68911,80984.858,1.0
2021-12-29,11.64,11.85,11.46,11.72,78460,92739.529,1.0
2021-12-30,11.71,11.78,11.56,11.61,83416,98579.482,1.0
2021-12-31,11.73,11.84,11.59,11.66,72633,86102.13,1.0
2022-01-04,11.75,12.02,11.63,12.0,110892,133269.93,1.0
2022-01-05,12.02,12.28,11.79,12.22,143424,174705.073,1.0
2022-01-06,12.19,12.36,11.95,12.14,108068,132571.556,1.0
2022-01-07,12.22,12.3,11.4,11.4,122476,147009.625,1.0
2022-01-10,11.37,11.56,10.96,11.4,86031,98505.726,1.0
2022-01-11,11.47,11.54,11.17,11.23,75052,86080.705,1.0
2022-01-12,11.53,12.04,11.51,11.58,107040,126898.124,1.0
2022-01-13,11.59,12.0,11.59,11.79,135555,162438.716,1.0
2022-01-14,11.63,11.76,11.35,11.48,85568,100343.129,1.0
2022-01-17,11.63,11.93,11.55,11.9,96639,115674.643,1.0
2022-01-18,11.86,12.22,11.76,12.19,162327,198032.508,1.0
2022-01-19,12.05,12.14,11.85,12.05,101928,123564.784,1.0
2022-01-20,12.05,12.09,11.33,11.36,107369,126090.214,1.0
2022-01-21,11.33,11.49,11.2,11.25,61494,70606.15,1.0
2022-01-24,11.27,11.61,11.24,11.35,52934,61346.552,1.0
2022-01-25,11.3,11.35,10.05,10.1,123895,132323.287,1.0
2022-01-26,10.1,10.6,10.1,10.48,84933,89891.589,1.0
2022-01-27,10.51,10.53,9.87,9.97,79663,81375.789,1.0
2022-01-28,9.97,10.26,9.9,10.12,50166,51414.842,1.0
2022-02-07,10.28,10.52,10.28,10.37,41551,43729.293,1.0
2022-02-08,10.37,10.54,10.2,10.54,50876,53549.014,1.0
2022-02-09,10.5,10.8,10.46,10.77,53922,58458.764,1.0
2022-02-10,10.75,10.75,10.52,10.6,44315,47662.789,1.0
2022-02-11,10.58,10.71,10.24,10.27,51268,54051.47,1.0
2022-02-14,10.24,10.4,10.03,10.34,39492,41327.035,1.0
2022-02-15,10.34,10.42,10.2,10.31,39958,41762.622,1.0
2022-02-16,10.39,10.48,10.31,10.39,38412,40432.879,1.0
2022-02-17,10.42,10.48,10.21,10.23,48599,50918.217,1.0
2022-02-18,10.24,10.49,10.23,10.45,56677,59841.541,1.0
2022-02-21,10.29,10.63,10.25,10.6,66928,71576.241,1.0
2022-02-22,10.51,10.56,10.21,10.27,60113,63092.139,1.0
2022-02-23,10.27,10.52,10.26,10.48,60198,63592.478,1.0
2022-02-24,10.37,10.56,9.75,9.98,108429,111371.941,1.0
2022-02-25,10.02,10.18,9.93,9.98,50639,51623.779,1.0
2022-02-28,9.95,10.05,9.67,9.89,49382,49160.444,1.0
2022-03-01,9.89,10.23,9.89,10.07,53388,54598.876,1.0
2022-03-02,9.98,10.8,9.96,10.66,158852,168472.075,1.0
2022-03-03,11.53,12.06,10.73,10.75,252603,286685.824,1.0
2022-03-04,10.65,11.18,10.45,10.5,158455,171745.156,1.0
2022-03-07,10.41,10.5,10.05,10.05,92609,96013.984,1.0
2022-03-08,10.09,10.19,9.7,9.72,71248,71467.79,1.0
2022-03-09,9.73,9.84,8.93,9.3,88447,84143.53,1.0
2022-03-10,9.5,9.88,9.45,9.68,88039,86832.776,1.0
2022-03-11,9.56,9.87,9.35,9.82,69578,67660.256,1.0
2022-03-14,9.75,10.02,9.49,9.49,64987,64012.982,1.0
2022-03-15,9.4,9.57,8.85,8.85,67288,62756.653,1.0
2022-03-16,8.97,9.29,8.73,9.25,75208,69073.183,1.0
2022-03-17,9.33,9.76,9.3,9.56,89442,87253.642,1.0
2022-03-18,9.64,9.66,9.45,9.52,52151,50545.81,1.0
2022-03-21,9.53,9.64,9.35,9.56,54357,52518.178,1.0
2022-03-22,9.45,9.53,9.33,9.36,50866,48574.403,1.0
2022-03-23,9.43,9.6,9.32,9.46,61145,58826.96,1.0
2022-03-24,9.43,9.43,9.07,9.12,63051,58815.883,1.0
2022-03-25,9.18,9.28,9.07,9.08,39684,36955.934,1.0
2022-03-28,8.97,9.18,8.86,9.06,35947,32985.386,1.0
2022-03-29,9.1,9.1,8.76,8.79,48847,44083.708,1.0
2022-03-30,8.85,9.1,8.84,9.03,40132,36709.304,1.0
2022-03-31,9.08,9.18,8.94,9.17,56061,51551.668,1.0
2022-04-01,9.06,9.09,8.9,8.91,44035,40064.888,1.0
2022-04-06,8.87,9.13,8.83,9.0,44677,40961.152,1.0
2022-04-07,9.01,9.01,8.58,8.58,71158,63399.192,1.0
2022-04-08,8.64,8.66,8.24,8.26,53202,45249.266,1.0
2022-04-11,8.26,8.34,7.9,8.0,43359,35648.716,1.0
2022-04-12,8.0,8.19,7.92,8.16,33698,27626.573,1.0
2022-04-13,8.13,8.2,7.89,7.93,34284,27937.48,1.0
2022-04-14,7.98,8.09,7.92,8.03,32723,26667.354,1.0
2022-04-15,8.0,8.61,7.96,8.35,113275,96326.184,1.0
2022-04-18,8.36,8.36,7.93,8.29,79281,65163.176,1.0
2022-04-19,8.19,8.3,8.09,8.17,40473,33730.601,1.0
2022-04-20,8.23,8.34,8.08,8.14,39242,32923.496,1.0
2022-04-21,8.1,8.18,7.74,7.76,46920,37932.315,1.0
2022-04-22,7.76,7.83,7.6,7.6,48136,37774.641,1.0
2022-04-25,7.5,7.5,6.75,6.76,67451,48408.877,1.0
2022-04-26,6.78,6.86,6.48,6.49,46167,31699.996,1.0
2022-04-27,6.43,6.9,6.27,6.89,63399,42637.196,1.0
2022-04-28,6.76,6.81,6.33,6.44,66932,44653.772,1.0
2022-04-29,6.45,6.82,6.45,6.75,52137,35645.982,1.0
2022-05-05,6.76,6.93,6.68,6.81,34117,23806.782,1.0
2022-05-06,6.71,6.99,6.6,6.76,48879,33973.469,1.0
2022-05-09,6.71,6.98,6.71,6.85,32587,22914.71,1.0
2022-05-10,6.77,7.01,6.7,6.95,32831,23141.27,1.0
2022-05-11,6.95,7.14,6.91,6.92,50725,36523.245,1.0
2022-05-12,6.88,7.07,6.86,6.95,32753,23278.139,1.0
2022-05-13,6.96,7.04,6.87,6.97,23644,16763.768,1.0
2022-05-16,6.98,7.06,6.87,6.95,33495,23785.537,1.0
2022-05-17,6.97,6.98,6.79,6.93,26383,18582.966,1.0
2022-05-18,6.97,7.14,6.95,7.03,42488,30458.303,1.0
2022-05-19,6.97,7.22,6.94,7.19,45149,32590.047,1.0
2022-05-20,7.19,7.28,7.11,7.23,37279,27194.614,1.0
2022-05-23,7.2,7.54,7.2,7.49,54262,40453.48,1.0
2022-05-24,7.46,7.46,6.96,6.97,64329,46978.869,1.0
2022-05-25,7.0,7.28,7.0,7.21,45447,32937.909,1.0
2022-05-26,7.29,7.32,7.04,7.21,31577,22925.649,1.0
2022-05-27,7.21,7.31,7.1,7.16,31008,22607.742,1.0
2022-05-30,7.2,7.24,7.09,7.19,24230,17618.47,1.0
2022-05-31,7.23,7.36,7.11,7.33,35946,26426.089,1.0
2022-06-01,7.3,7.44,7.28,7.39,33594,25084.012,1.0
2022-06-02,7.39,7.54,7.29,7.51,36671,27594.339,1.0
2022-06-06,7.51,7.67,7.46,7.64,39362,30338.891,1.0
2022-06-07,7.65,7.72,7.47,7.53,31874,24328.622,1.0
2022-06-08,7.56,7.6,7.29,7.5,39091,29630.268,1.0
2022-06-09,7.5,7.5,7.23,7.28,25940,19289.409,1.0
2022-06-10,7.21,7.43,7.16,7.4,24508,18331.905,1.0
2022-06-13,7.33,7.48,7.31,7.42,23531,17669.597,1.0
2022-06-14,7.36,7.39,7.07,7.35,38815,28418.737,1.0
2022-06-15,7.39,7.52,7.34,7.35,44914,33698.227,1.0
2022-06-16,7.35,7.47,7.27,7.44,36023,27073.684,1.0
2022-06-17,7.44,7.48,7.24,7.41,34056,25502.547,1.0
2022-06-20,7.38,7.65,7.36,7.57,50594,38710.283,1.0
2022-06-21,7.53,7.63,7.45,7.61,44680,34264.563,1.0
2022-06-22,7.62,7.62,7.43,7.47,37243,28370.175,1.0
2022-06-23,7.42,7.65,7.38,7.57,36554,27794.672,1.0
2022-06-24,7.57,7.67,7.57,7.61,39674,30646.772,1.0
2022-06-27,7.62,7.7,7.54,7.65,35550,27454.703,1.0
2022-06-28,7.64,7.82,7.56,7.8,45501,35667.295,1.0
2022-06-29,7.8,7.84,7.62,7.65,38352,30054.207,1.0
2022-06-30,7.73,7.78,7.58,7.61,33242,25761.979,1.0
2022-07-01,7.64,7.68,7.5,7.56,29890,23012.38,1.0
2022-07-04,7.56,7.62,7.47,7.6,24491,18731.031,1.0
2022-07-05,7.55,7.62,7.32,7.4,44573,33608.29,1.0
2022-07-06,7.36,7.49,7.26,7.33,26687,19924.377,1.0
2022-07-07,7.3,7.43,7.3,7.41,29195,21839.09,1.0
2022-07-08,7.58,8.22,7.54,7.93,204050,162125.122,1.0
2022-07-11,7.88,8.36,7.68,8.27,206180,168681.622,1.0
2022-07-12,8.11,8.96,8.0,8.84,277291,241380.501,1.0
2022-07-13,8.73,9.0,8.53,8.84,182884,160867.703,1.0
2022-07-14,8.67,9.47,8.55,9.12,194236,176271.535,1.0
2022-07-15,8.98,9.32,8.6,8.6,179032,161494.055,1.0
2022-07-18,8.57,8.77,8.5,8.61,125004,109157.218,1.0
2022-07-19,8.61,9.15,8.56,9.0,164530,148863.612,1.0
2022-07-20,8.95,8.99,8.66,8.78,114412,101935.775,1.0
2022-07-21,8.7,8.88,8.6,8.6,81656,71819.815,1.0
2022-07-22,8.57,8.7,8.33,8.48,89225,76556.884,1.0
2022-07-25,8.54,8.56,8.26,8.34,47023,39742.836,1.0
2022-07-26,8.29,8.47,8.23,8.47,51197,43277.213,1.0
2022-07-27,8.53,8.53,8.29,8.33,49517,41831.878,1.0
2022-07-28,8.41,8.62,8.36,8.44,75443,64978.991,1.0
2022-07-29,8.43,8.99,8.39,8.88,169521,150704.144,1.0
2022-08-01,8.89,9.01,8.66,8.75,110988,98524.336,1.0
2022-08-02,8.65,8.66,8.0,8.05,106441,87947.924,1.0
2022-08-03,7.96,8.75,7.95,8.5,135393,116285.462,1.0
2022-08-04,8.74,9.0,8.53,8.7,115870,102607.21,1.0
2022-08-05,8.76,8.87,8.5,8.6,78614,68426.338,1.0
2022-08-08,8.59,8.72,8.48,8.69,54086,46996.713,1.0
2022-08-09,8.68,8.77,8.49,8.51,53304,46136.708,1.0
2022-08-10,8.46,8.53,8.36,8.43,44159,37680.982,1.0
2022-08-11,8.56,8.89,8.48,8.74,94309,83288.571,1.0
2022-08-12,8.77,8.78,8.6,8.64,53006,46561.683,1.0
2022-08-15,8.65,8.71,8.48,8.61,40327,34965.342,1.0
2022-08-16,8.61,8.85,8.61,8.78,75179,66716.555,1.0
2022-08-17,8.79,9.05,8.68,9.05,122237,110327.373,1.0
2022-08-18,8.99,9.01,8.82,8.86,93430,83991.946,1.0
2022-08-19,8.86,9.01,8.63,8.65,70523,62728.922,1.0
2022-08-22,8.61,8.71,8.39,8.49,60779,52310.958,1.0
2022-08-23,8.49,8.57,8.39,8.56,29290,25253.948,1.0
2022-08-24,8.57,8.57,8.2,8.25,51788,43590.591,1.0
2022-08-25,8.28,8.33,8.01,8.22,28642,23579.224,1.0
2022-08-26,8.1,8.1,7.54,7.61,86550,68070.225,1.0
2022-08-29,7.52,7.66,7.43,7.62,24188,18587.095,1.0
2022-08-30,7.62,7.71,7.51,7.56,25163,19357.979,1.0
2022-08-31,7.6,7.6,7.31,7.41,32807,24567.195,1.0
2022-09-01,7.27,7.48,7.23,7.29,28355,21124.573,1.0
2022-09-02,7.32,7.45,7.24,7.44,21178,15869.097,1.0
2022-09-05,7.66,7.7,7.38,7.44,28165,21384.849,1.0
2022-09-06,7.42,7.47,7.32,7.43,20715,15525.362,1.0
2022-09-07,7.4,7.44,7.33,7.35,22224,16608.097,1.0
2022-09-08,7.4,7.42,7.27,7.27,20602,15259.228,1.0
2022-09-09,7.27,7.31,7.23,7.29,12864,9481.063,1.0
2022-09-13,7.31,7.4,7.31,7.34,13156,9797.348,1.0
2022-09-14,7.3,7.35,7.18,7.33,20035,14723.468,1.0
2022-09-15,7.33,7.37,7.11,7.17,20404,14938.044,1.0
2022-09-16,7.18,7.21,6.95,6.95,18301,13165.538,1.0
2022-09-19,6.94,6.98,6.8,6.88,16643,11593.059,1.0
2022-09-20,6.88,6.98,6.88,6.96,10695,7532.727,1.0
2022-09-21,6.96,7.08,6.75,7.06,15335,10794.573,1.0
2022-09-22,6.98,7.09,6.97,6.98,10438,7448.41,1.0
2022-09-23,6.98,7.01,6.76,6.78,14706,10242.225,1.0
2022-09-26,6.78,6.78,6.56,6.58,16344,11048.555,1.0
2022-09-27,6.56,6.84,6.56,6.82,15424,10555.799,1.0
2022-09-28,6.77,6.82,6.62,6.62,15297,10406.395,1.0
2022-09-29,6.71,6.74,6.55,6.58,10902,7340.835,1.0
2022-09-30,6.66,6.7,6.52,6.67,14079,9470.343,1.0
2022-10-10,6.72,6.72,6.4,6.42,18548,12349.781,1.0
2022-10-11,6.48,6.52,6.35,6.46,9941,6489.612,1.0
2022-10-12,6.44,6.74,6.42,6.72,16045,10724.558,1.0
2022-10-13,6.7,6.97,6.66,6.89,21717,15166.187,1.0
2022-10-14,6.92,7.02,6.9,6.97,17975,12703.194,1.0
2022-10-17,6.99,7.28,6.9,7.22,29045,21066.471,1.0
2022-10-18,7.19,7.25,7.08,7.16,19690,14258.238,1.0
2022-10-19,7.09,7.21,7.07,7.15,20693,15006.93,1.0
2022-10-20,7.15,7.26,7.05,7.13,23078,16733.687,1.0
2022-10-21,7.19,7.26,7.05,7.17,20454,14873.813,1.0
2022-10-24,7.21,7.34,7.1,7.15,23555,17273.955,1.0
2022-10-25,7.15,7.15,6.95,7.04,17143,12270.237,1.0
2022-10-26,7.07,7.37,7.06,7.29,29632,21822.19,1.0
2022-10-27,7.5,8.77,7.42,8.77,251180,213373.761,1.0
2022-10-28,8.69,8.69,7.94,8.02,276624,233301.527,1.0
2022-10-31,8.1,8.32,7.82,8.2,176968,145822.661,1.0
2022-11-01,8.23,8.41,8.02,8.38,153241,128077.267,1.0
2022-11-02,8.2,8.27,8.12,8.21,110155,91415.462,1.0
2022-11-03,8.12,8.45,8.01,8.17,123830,102946.946,1.0
2022-11-04,8.12,8.24,8.07,8.23,92499,76606.79,1.0
2022-11-07,8.17,8.32,8.13,8.24,76404,63724.392,1.0
2022-11-08,8.25,8.99,8.02,8.64,239283,208380.377,1.0
2022-11-09,8.48,8.64,8.3,8.32,136270,115647.236,1.0
2022-11-10,8.2,8.45,8.1,8.29,84940,71469.879,1.0
2022-11-11,8.4,8.49,8.16,8.19,106885,89895.485,1.0
2022-11-14,8.16,8.25,8.1,8.25,59227,49030.362,1.0
2022-11-15,8.21,8.38,8.18,8.34,63521,53344.593,1.0
2022-11-16,8.34,8.55,8.23,8.3,70534,59890.011,1.0
2022-11-17,8.3,8.43,8.21,8.41,59896,50416.486,1.0
2022-11-18,8.39,8.55,8.35,8.37,85869,73302.879,1.0
2022-11-21,8.3,8.33,8.07,8.28,56391,46801.031,1.0
2022-11-22,8.21,8.43,8.1,8.17,52647,43933.595,1.0
2022-11-23,8.18,8.2,7.83,8.01,62123,50143.564,1.0
2022-11-24,8.01,8.15,7.97,8.07,32623,26580.775,1.0
2022-11-25,8.08,8.14,7.82,7.82,45766,36748.369,1.0
2022-11-28,7.78,7.92,7.7,7.77,30722,24279.279,1.0
2022-11-29,7.78,7.93,7.71,7.91,26307,20963.514,1.0
2022-11-30,7.95,7.96,7.75,7.82,28227,22337.199,1.0
2022-12-01,7.85,8.02,7.85,7.97,33209,26726.085,1.0
2022-12-02,7.95,8.22,7.93,8.21,55996,46180.346,1.0
2022-12-05,8.19,8.32,8.15,8.21,32637,27113.402,1.0
2022-12-06,8.18,8.25,8.04,8.06,29092,23899.318,1.0
2022-12-07,8.08,8.11,7.98,8.0,26542,21574.545,1.0
2022-12-08,7.99,8.02,7.87,7.9,26044,20874.394,1.0
2022-12-09,7.9,7.94,7.76,7.85,27230,21652.557,1.0
2022-12-12,7.85,8.06,7.85,8.01,33763,27260.414,1.0
2022-12-13,7.98,8.06,7.77,7.79,30963,24751.417,1.0
2022-12-14,7.79,7.91,7.73,7.73,20477,16190.966,1.0
2022-12-15,7.73,7.91,7.71,7.81,20407,16192.53,1.0
2022-12-16,7.76,7.82,7.58,7.58,27770,21546.387,1.0
2022-12-19,7.64,7.67,7.42,7.47,16870,12846.087,1.0
2022-12-20,7.51,7.53,7.38,7.43,13581,10265.433,1.0
2022-12-21,7.43,7.47,7.31,7.34,15215,11374.635,1.0
2022-12-22,7.33,7.43,7.21,7.21,17291,12813.339,1.0
2022-12-23,7.2,7.49,7.19,7.4,27703,20687.06,1.0
2022-12-26,7.4,7.5,7.36,7.49,15342,11574.6,1.0
2022-12-27,7.44,7.58,7.42,7.57,23387,17792.32,1.0
2022-12-28,7.53,7.6,7.46,7.51,23200,17670.787,1.0
2022-12-29,7.5,7.58,7.44,7.49,20388,15529.723,1.0
2022-12-30,7.49,7.68,7.46,7.66,26904,20718.126,1.0
2023-01-03,7.76,8.03,7.66,8.03,42296,33860.527,1.0
2023-01-04,8.13,8.37,8.09,8.21,65801,54549.781,1.0
2023-01-05,8.22,8.23,8.12,8.18,31691,26238.453,1.0
2023-01-06,8.16,8.25,8.06,8.06,29984,24681.33,1.0
2023-01-09,8.11,8.23,8.04,8.06,24224,19889.442,1.0
2023-01-10,8.2,8.2,8.0,8.15,32072,26389.741,1.0
2023-01-11,8.19,8.24,8.0,8.02,25149,20661.842,1.0
2023-01-12,8.02,8.25,8.02,8.23,42133,34935.926,1.0
2023-01-13,8.16,8.23,8.0,8.05,43255,35306.76,1.0
2023-01-16,8.11,8.26,8.09,8.22,32942,27350.007,1.0
2023-01-17,8.27,8.5,8.15,8.18,79121,66516.262,1.0
2023-01-18,8.25,8.29,8.07,8.26,51929,43093.407,1.0
2023-01-19,8.37,8.37,8.21,8.31,36059,30352.246,1.0
2023-01-20,8.31,8.49,8.23,8.42,43688,37189.827,1.0
2023-01-30,8.5,8.62,8.42,8.59,58238,50328.543,1.0
2023-01-31,8.64,8.64,8.46,8.49,43604,37534.045,1.0
2023-02-01,8.54,8.99,8.49,8.93,126981,113412.453,1.0
2023-02-02,8.89,9.04,8.78,8.79,67722,60809.101,1.0
2023-02-03,8.76,8.93,8.73,8.91,57806,51818.582,1.0
2023-02-06,8.94,9.36,8.81,9.2,117551,108359.982,1.0
2023-02-07,9.48,10.08,9.08,9.63,275932,267478.838,1.0
2023-02-08,9.41,9.55,9.15,9.3,196317,184273.303,1.0
2023-02-09,9.2,9.44,9.06,9.39,106323,99714.058,1.0
2023-02-10,9.36,9.54,9.2,9.23,96890,91580.297,1.0
2023-02-13,9.2,9.66,9.18,9.44,132273,126669.131,1.0
2023-02-14,9.43,9.55,9.3,9.47,100431,95491.093,1.0
2023-02-15,9.45,9.78,9.4,9.72,114541,111607.631,1.0
2023-02-16,9.59,9.73,9.25,9.32,122396,117715.458,1.0
2023-02-17,9.26,9.68,9.09,9.15,110490,103126.006,1.0
2023-02-20,9.1,9.38,9.04,9.3,60780,56751.401,1.0
2023-02-21,9.36,9.56,9.23,9.38,68983,65601.282,1.0
2023-02-22,9.3,10.65,9.23,10.01,344082,347747.677,1.0
2023-02-23,9.7,10.29,9.34,9.51,300351,291902.005,1.0
2023-02-24,9.39,9.48,9.27,9.34,113351,107238.332,1.0
2023-02-27,9.21,9.34,8.95,8.97,121235,111112.36,1.0
2023-02-28,9.12,9.55,9.03,9.33,134359,126940.783,1.0
2023-03-01,9.41,9.6,9.31,9.58,121589,116769.184,1.0
2023-03-02,9.53,9.58,9.36,9.47,78969,75433.669,1.0
2023-03-03,9.51,9.51,9.1,9.21,72320,67549.431,1.0
2023-03-06,9.3,10.07,9.2,9.8,218259,213424.872,1.0
2023-03-07,9.8,9.99,9.49,9.55,222583,219226.269,1.0
2023-03-08,9.45,10.19,9.45,9.9,223651,221704.165,1.0
2023-03-09,9.86,9.93,9.45,9.75,181109,176654.621,1.0
2023-03-10,9.67,9.93,9.6,9.79,195392,193496.703,1.0
2023-03-13,9.74,9.83,9.45,9.75,156984,153645.08,1.0
2023-03-14,9.78,9.78,9.23,9.3,190977,181217.421,1.0
2023-03-15,9.41,9.77,9.16,9.2,132639,125654.546,1.0
2023-03-16,9.12,9.24,8.82,9.03,91010,83158.632,1.0
2023-03-17,9.09,9.36,9.07,9.29,92613,86765.019,1.0
2023-03-20,9.52,9.68,9.27,9.3,117361,112123.398,1.0
2023-03-21,9.27,9.74,9.18,9.65,118934,114671.617,1.0
2023-03-22,9.66,10.49,9.62,10.26,270969,276088.724,1.0
2023-03-23,10.14,10.54,10.07,10.21,164111,169282.887,1.0
2023-03-24,10.32,10.62,10.08,10.36,177504,185190.153,1.0
2023-03-27,10.4,10.68,10.16,10.38,191717,201403.372,1.0
2023-03-28,10.19,10.39,10.05,10.07,119859,123474.396,1.0
2023-03-29,9.98,10.24,9.96,10.03,99608,101750.94,1.0
2023-03-30,10.13,10.56,9.8,9.93,184893,189024.847,1.0
2023-03-31,9.82,10.16,9.74,10.14,143363,144481.136,1.0
2023-04-03,10.1,10.26,9.95,10.24,109879,112595.513,1.0
2023-04-04,10.31,10.57,10.03,10.46,215899,225590.642,1.0
2023-04-06,10.26,10.42,10.07,10.13,136753,140953.923,1.0
2023-04-07,10.22,10.48,10.05,10.35,127618,132664.797,1.0
2023-04-10,10.37,10.58,9.78,9.79,132985,135033.368,1.0
2023-04-11,9.8,10.02,9.72,9.84,99626,99439.77,1.0
2023-04-12,9.86,10.15,9.78,10.11,98418,99512.591,1.0
2023-04-13,10.11,10.27,10.0,10.11,106852,109252.085,1.0
2023-04-14,10.52,11.07,10.09,10.12,339486,361071.718,1.0
2023-04-17,9.91,10.5,9.81,9.87,281448,289113.947,1.0
2023-04-18,9.81,10.06,9.62,9.7,155310,153416.603,1.0
2023-04-19,9.61,9.84,9.57,9.61,91626,90020.802,1.0
2023-04-20,9.56,9.75,9.52,9.64,77808,75726.558,1.0
2023-04-21,9.57,9.59,8.85,8.89,112252,103691.452,1.0
2023-04-24,8.83,9.08,8.82,8.96,67194,60945.459,1.0
2023-04-25,8.91,9.05,8.57,8.72,80096,70973.484,1.0
2023-04-26,7.38,8.48,7.38,7.69,233814,183987.957,1.0
2023-04-27,7.62,7.81,7.56,7.65,119786,93350.823,1.0
2023-04-28,7.69,8.27,7.69,8.2,119478,97512.89,1.0
2023-05-04,8.15,8.42,8.0,8.23,117019,96705.917,1.0
2023-05-05,8.19,8.36,8.09,8.28,84706,70635.446,1.0
2023-05-08,8.28,8.44,8.21,8.39,64550,54545.818,1.0
2023-05-09,8.32,8.46,8.16,8.18,48381,40383.088,1.0
2023-05-10,8.15,8.29,8.06,8.17,57517,47576.844,1.0
2023-05-11,8.28,8.7,8.27,8.44,101761,87646.495,1.0
2023-05-12,8.42,8.46,8.29,8.33,63145,53470.013,1.0
2023-05-15,8.21,8.51,8.17,8.49,73525,62333.91,1.0
2023-05-16,8.51,9.19,8.41,8.88,147711,131990.948,1.0
2023-05-17,8.68,9.1,8.53,9.09,183920,166018.129,1.0
2023-05-18,8.93,9.27,8.81,9.26,155029,142121.281,1.0
2023-05-19,9.22,9.4,9.12,9.16,113057,105605.683,1.0
2023-05-22,9.18,9.6,9.16,9.42,151215,144074.23,1.0
2023-05-23,9.44,9.48,9.04,9.09,95013,88545.275,1.0
2023-05-24,9.09,9.22,9.02,9.07,74401,68632.914,1.0
2023-05-25,9.06,9.28,8.86,8.99,60945,55565.286,1.0
2023-05-26,8.99,9.12,8.94,9.1,43665,39976.108,1.0
2023-05-29,9.16,9.24,8.94,8.96,54035,49407.91,1.0
2023-05-30,9.0,9.33,8.92,9.3,105320,97669.963,1.0
2023-05-31,9.43,10.28,9.43,9.95,303489,303718.104,1.0
2023-06-01,9.7,9.95,9.58,9.88,225737,223399.254,1.0
2023-06-02,9.9,9.92,9.6,9.6,107757,105678.604,1.0
2023-06-05,9.62,9.76,9.5,9.65,80173,78081.79,1.0
2023-06-06,9.61,9.67,9.26,9.34,69068,65849.243,1.0
2023-06-07,9.39,9.51,9.27,9.39,46514,44199.686,1.0
2023-06-08,9.39,9.65,9.13,9.56,96194,91323.423,1.0
2023-06-09,9.48,10.0,9.37,9.81,138781,135886.699,1.0
2023-06-12,10.2,11.76,10.2,10.72,504687,564378.922,1.0
2023-06-13,10.73,11.67,10.73,11.23,563957,637402.207,1.0
2023-06-14,10.9,11.22,10.82,10.94,339736,376836.305,1.0
2023-06-15,10.96,11.2,10.8,10.89,210930,233758.91,1.0
2023-06-16,10.79,10.85,10.55,10.57,176365,189692.457,1.0
2023-06-19,10.63,11.28,10.57,11.1,209267,230358.105,1.0
2023-06-20,10.96,11.1,10.64,10.71,168236,183061.344,1.0
2023-06-21,10.8,10.82,10.26,10.28,118459,124084.897,1.0
2023-06-26,10.3,10.38,9.63,9.71,122058,121790.277,1.0
2023-06-27,9.7,9.9,9.7,9.8,84735,83515.433,1.0
2023-06-28,9.8,9.86,9.15,9.43,94326,88851.214,1.0
2023-06-29,9.43,9.68,9.37,9.55,69462,66488.558,1.0
2023-06-30,9.54,9.55,9.26,9.45,75986,71813.894,1.0
2023-07-03,9.46,9.56,9.11,9.33,95603,89497.33,1.0
2023-07-04,9.33,9.43,9.27,9.41,66079,62264.343,1.0
2023-07-05,9.38,9.52,9.2,9.21,76793,72015.967,1.0
2023-07-06,9.21,9.37,9.17,9.22,49816,46514.132,1.0
2023-07-07,9.22,9.24,8.95,9.0,61100,55610.789,1.0
2023-07-10,9.05,9.14,8.85,8.88,54875,49305.92,1.0
2023-07-11,8.91,9.02,8.84,8.9,37345,33385.33,1.0
2023-07-12,8.97,8.97,8.7,8.71,68002,60483.374,1.0
2023-07-13,8.75,8.82,8.61,8.76,55509,48646.456,1.0
2023-07-14,8.75,9.09,8.74,8.96,81282,73332.25,1.0
2023-07-17,8.96,9.17,8.91,9.1,69582,63351.248,1.0
2023-07-18,9.25,9.3,8.79,8.93,100177,89983.285,1.0
2023-07-19,9.05,9.22,8.93,8.96,80185,72865.465,1.0
2023-07-20,8.95,9.02,8.69,8.71,69402,61586.013,1.0
2023-07-21,8.75,8.83,8.61,8.64,49136,43090.596,1.0
2023-07-24,8.61,8.86,8.61,8.77,43221,38089.018,1.0
2023-07-25,8.82,8.98,8.77,8.96,50447,45128.198,1.0
2023-07-26,8.95,8.97,8.78,8.82,46325,41133.21,1.0
2023-07-27,8.85,8.94,8.66,8.68,39166,34470.505,1.0
2023-07-28,8.66,8.81,8.59,8.77,37310,32727.292,1.0
2023-07-31,8.8,8.82,8.63,8.77,40554,35660.925,1.0
2023-08-01,8.77,8.77,8.57,8.67,52218,45402.213,1.0
2023-08-02,8.65,8.77,8.63,8.73,30865,27028.373,1.0
2023-08-03,8.73,8.79,8.66,8.72,30696,26905.669,1.0
2023-08-04,8.74,8.98,8.72,8.95,70637,63325.188,1.0
2023-08-07,8.95,9.04,8.95,9.02,53835,48721.956,1.0
2023-08-08,8.98,9.14,8.92,8.96,41870,37946.079,1.0
2023-08-09,8.9,9.06,8.83,8.91,48014,43236.186,1.0
2023-08-10,8.94,8.94,8.77,8.81,37117,33010.36,1.0
2023-08-11,8.82,8.83,8.62,8.65,43254,37901.248,1.0
2023-08-14,8.62,8.78,8.53,8.76,38473,33400.168,1.0
2023-08-15,8.78,8.83,8.64,8.7,27711,24311.102,1.0
2023-08-16,8.68,9.11,8.5,8.9,185567,165619.778,1.0
2023-08-17,8.68,8.77,8.05,8.73,217650,186419.42,1.0
2023-08-18,8.73,8.91,8.43,8.45,128981,112613.755,1.0
2023-08-21,8.36,8.79,8.35,8.43,79691,68895.312,1.0
2023-08-22,8.5,8.78,8.5,8.77,106569,93019.501,1.0
2023-08-23,8.7,8.81,8.6,8.61,54170,47388.42,1.0
2023-08-24,8.61,8.75,8.41,8.49,62143,53386.376,1.0
2023-08-25,8.46,8.51,7.96,8.0,92425,76062.151,1.0
2023-08-28,8.41,8.59,8.15,8.15,93344,78676.978,1.0
2023-08-29,8.17,8.63,8.17,8.63,87395,74641.455,1.0
2023-08-30,8.65,8.9,8.65,8.87,65950,58408.156,1.0
2023-08-31,8.84,8.9,8.73,8.79,43971,38899.382,1.0
2023-09-01,8.94,8.94,8.56,8.62,64665,56449.132,1.0
2023-09-04,8.65,8.88,8.64,8.86,81633,71959.059,1.0
2023-09-05,8.85,8.92,8.81,8.83,56187,50022.568,1.0
2023-09-06,8.8,9.03,8.73,9.01,77805,70021.704,1.0
2023-09-07,9.01,9.1,8.94,8.97,72091,65356.083,1.0
2023-09-08,8.93,9.23,8.76,9.03,97385,88038.318,1.0
2023-09-11,9.06,9.15,8.88,8.97,66604,60149.584,1.0
2023-09-12,8.95,9.02,8.83,8.86,55202,49341.995,1.0
2023-09-13,8.83,8.87,8.63,8.67,64470,56437.471,1.0
2023-09-14,8.67,8.74,8.48,8.55,55098,47672.176,1.0
2023-09-15,8.56,8.6,8.38,8.4,49907,42439.868,1.0
2023-09-18,8.38,8.51,8.35,8.46,37814,32120.517,1.0
2023-09-19,8.42,8.44,8.23,8.25,43676,36493.96,1.0
2023-09-20,8.23,8.33,8.16,8.17,42404,35132.117,1.0
2023-09-21,8.23,8.27,8.09,8.13,40542,33304.789,1.0
2023-09-22,8.1,8.4,8.08,8.39,52678,43995.788,1.0
2023-09-25,8.35,8.45,8.17,8.25,46088,38282.279,1.0
2023-09-26,8.23,8.35,8.22,8.3,39018,32587.259,1.0
2023-09-27,8.27,8.4,8.18,8.26,35310,29446.946,1.0
2023-09-28,8.3,8.44,8.3,8.42,36546,30830.297,1.0
2023-10-09,8.41,8.48,8.36,8.47,40464,34341.599,1.0
2023-10-10,8.48,8.8,8.47,8.78,95104,83261.152,1.0
2023-10-11,8.77,8.86,8.63,8.83,74832,66075.047,1.0
2023-10-12,8.88,8.88,8.73,8.81,59418,52573.112,1.0
2023-10-13,8.79,8.82,8.72,8.78,38736,34126.344,1.0
2023-10-16,8.78,8.78,8.63,8.7,44453,38854.095,1.0
2023-10-17,8.7,8.8,8.65,8.78,45412,39943.901,1.0
2023-10-18,8.73,8.78,8.53,8.57,47268,40922.526,1.0
2023-10-19,8.5,8.71,8.42,8.43,54989,47395.942,1.0
2023-10-20,8.44,8.6,8.2,8.21,46887,39421.716,1.0
2023-10-23,8.16,8.25,7.68,7.72,69727,55525.899,1.0
2023-10-24,7.77,7.99,7.7,7.98,46404,36756.688,1.0
2023-10-25,7.98,8.35,7.96,8.29,53923,44628.33,1.0
2023-10-26,8.25,8.4,8.17,8.38,42758,35826.189,1.0
2023-10-27,8.34,8.38,7.96,8.18,89033,72716.849,1.0
2023-10-30,8.12,8.43,8.12,8.4,66027,55378.689,1.0
2023-10-31,8.38,8.46,8.31,8.34,40839,34402.451,1.0
2023-11-01,8.33,8.48,8.29,8.37,36499,30856.847,1.0
2023-11-02,8.39,8.49,8.36,8.36,37227,31527.639,1.0
2023-11-03,8.36,8.51,8.32,8.48,37276,31686.395,1.0
2023-11-06,8.5,8.73,8.49,8.71,46477,40375.871,1.0
2023-11-07,8.72,8.83,8.63,8.81,39239,34579.834,1.0
2023-11-08,8.82,8.94,8.76,8.83,54302,48328.345,1.0
2023-11-09,8.83,8.93,8.73,8.79,45203,40076.002,1.0
2023-11-10,8.75,8.77,8.65,8.67,32786,28675.915,1.0
2023-11-13,8.75,8.99,8.69,8.98,81729,73188.319,1.0
2023-11-14,8.96,9.58,8.91,9.58,202453,188200.155,1.0
2023-11-15,9.89,10.66,9.51,9.71,571137,570417.271,1.0
2023-11-16,9.45,10.15,9.41,9.58,338218,329735.509,1.0
2023-11-17,9.51,9.64,9.39,9.48,205324,196040.791,1.0
2023-11-20,9.49,9.53,9.34,9.39,132569,125398.294,1.0
2023-11-21,9.4,9.44,9.28,9.32,104177,97895.198,1.0
2023-11-22,9.25,9.38,9.15,9.17,73133,67921.1,1.0
2023-11-23,9.39,9.5,9.16,9.36,164704,154245.562,1.0
2023-11-24,9.36,9.36,9.15,9.2,159906,148307.082,1.0
2023-11-27,8.66,9.05,8.57,8.94,158866,141837.02,1.0
2023-11-28,8.9,9.13,8.89,9.06,96764,87937.044,1.0
2023-11-29,9.03,9.12,8.96,8.97,60030,54530.331,1.0
2023-11-30,8.95,9.01,8.76,8.88,62203,55456.521,1.0
2023-12-01,8.86,9.17,8.81,9.17,68558,62139.254,1.0
2023-12-04,9.18,9.25,9.09,9.17,72745,67200.626,1.0
2023-12-05,9.16,9.16,8.88,8.9,58282,52556.375,1.0
2023-12-06,8.85,9.03,8.76,8.96,45420,40675.126,1.0
2023-12-07,8.89,9.15,8.89,9.1,68891,62771.143,1.0
2023-12-08,9.09,9.2,8.93,8.95,62391,56656.907,1.0
2023-12-11,8.9,9.05,8.74,9.05,54241,48821.316,1.0
2023-12-12,9.05,9.13,9.0,9.04,48247,43888.864,1.0
2023-12-13,9.02,9.02,8.88,8.9,51291,46114.342,1.0
2023-12-14,8.95,8.99,8.8,8.83,50439,45144.197,1.0
2023-12-15,8.85,8.9,8.72,8.76,48222,42600.762,1.0
2023-12-18,8.79,8.93,8.63,8.69,70298,61972.059,1.0
2023-12-19,8.67,8.73,8.56,8.65,45987,39959.225,1.0
2023-12-20,8.62,8.71,8.45,8.46,68380,59049.389,1.0
2023-12-21,8.43,8.5,8.23,8.39,72036,60573.165,1.0
2023-12-22,8.39,8.39,8.04,8.07,73250,60294.201,1.0
2023-12-25,8.1,8.15,7.88,7.91,45376,36306.632,1.0
2023-12-26,7.99,7.99,7.68,7.73,64681,50524.962,1.0
2023-12-27,7.75,7.83,7.7,7.74,41982,32786.475,1.0
2023-12-28,7.74,7.88,7.61,7.81,55499,43467.587,1.0
2023-12-29,7.82,8.03,7.8,8.02,58545,46807.538,1.0
2024-01-02,8.0,8.1,7.98,7.99,47960,38774.682,1.0
2024-01-03,8.02,8.12,7.91,8.03,65622,52960.846,1.0
2024-01-04,8.13,8.65,8.05,8.25,266330,223253.953,1.0
2024-01-05,8.29,8.37,7.86,7.93,195299,157650.58,1.0
2024-01-08,7.95,7.97,7.71,7.72,107776,84648.504,1.0
2024-01-09,7.73,7.85,7.57,7.65,83814,65119.499,1.0
2024-01-10,7.6,7.66,7.41,7.47,69611,52555.687,1.0
2024-01-11,7.48,7.9,7.44,7.86,108319,84424.031,1.0
2024-01-12,7.85,7.9,7.64,7.66,69301,53863.65,1.0
2024-01-15,7.56,7.67,7.5,7.64,46661,35629.79,1.0
2024-01-16,7.6,7.61,7.38,7.52,62216,46754.652,1.0
2024-01-17,7.48,7.56,7.35,7.35,34076,25560.825,1.0
2024-01-18,7.32,7.37,6.95,7.18,80274,57503.613,1.0
2024-01-19,7.13,7.19,6.96,6.98,72889,51958.03,1.0
2024-01-22,6.93,6.98,6.4,6.51,66469,44743.145,1.0
2024-01-23,6.41,6.52,6.28,6.39,62659,40291.403,1.0
2024-01-24,6.36,6.52,6.23,6.51,59899,38645.889,1.0
2024-01-25,6.48,6.87,6.45,6.86,66637,44999.506,1.0
2024-01-26,6.84,6.99,6.82,6.88,49881,34722.899,1.0
2024-01-29,6.88,6.94,6.58,6.6,42176,28473.217,1.0
2024-01-30,6.56,6.6,6.35,6.37,33872,22138.802,1.0
2024-01-31,6.38,6.38,5.91,5.93,64319,39649.486,1.0
2024-02-01,5.91,5.96,5.67,5.8,61583,36123.997,1.0
2024-02-02,5.78,5.97,5.18,5.43,84574,47519.476,1.0
2024-02-05,5.36,5.39,4.44,4.53,121945,58379.579,1.0
2024-02-06,4.51,4.84,4.08,4.57,120687,53488.985,1.0
2024-02-07,4.55,4.63,3.97,4.25,170956,74425.913,1.0
2024-02-08,4.21,4.73,4.08,4.66,171895,77081.804,1.0
2024-02-19,4.8,5.32,4.76,5.21,169223,87292.457,1.0
2024-02-20,5.17,5.3,4.99,5.26,128209,66884.39,1.0
2024-02-21,5.18,5.82,5.11,5.6,181361,101316.68,1.0
2024-02-22,5.51,5.74,5.46,5.72,204020,115617.348,1.0
2024-02-23,5.73,6.1,5.65,6.02,205333,122346.738,1.0
2024-02-26,6.0,6.3,5.91,6.09,166288,102207.159,1.0
2024-02-27,6.05,6.41,6.01,6.38,143487,89920.941,1.0
2024-02-28,6.4,6.58,5.65,5.72,190449,118802.599,1.0
2024-02-29,5.68,6.26,5.55,6.05,157331,94698.197,1.0
2024-03-01,6.04,6.3,5.99,6.29,136531,84648.244,1.0
2024-03-04,6.3,6.39,5.99,6.25,111243,69223.624,1.0
2024-03-05,6.18,6.22,6.02,6.04,89856,55246.367,1.0
2024-03-06,5.98,6.28,5.98,6.16,95195,58916.49,1.0
2024-03-07,6.16,6.32,6.09,6.16,96553,60486.852,1.0
2024-03-08,6.15,6.23,6.01,6.21,84532,52148.45,1.0
2024-03-11,6.19,6.37,6.15,6.36,86918,55088.808,1.0
2024-03-12,6.35,6.51,6.3,6.51,94891,61362.161,1.0
2024-03-13,6.52,6.72,6.46,6.58,113271,75193.493,1.0
2024-03-14,6.55,6.55,6.31,6.44,92127,59756.247,1.0
2024-03-15,6.39,6.53,6.34,6.52,58377,37824.666,1.0
2024-03-18,6.58,6.76,6.55,6.75,88491,59536.847,1.0
2024-03-19,6.74,6.91,6.7,6.78,76923,52729.325,1.0
2024-03-20,6.78,7.01,6.72,6.98,75745,52775.401,1.0
2024-03-21,6.98,7.06,6.85,7.01,64934,45544.903,1.0
2024-03-22,7.0,7.02,6.76,6.92,68418,47476.256,1.0
2024-03-25,6.88,6.95,6.57,6.64,77822,53069.308,1.0
2024-03-26,6.61,6.71,6.38,6.47,66596,43825.569,1.0
2024-03-27,6.48,6.49,6.14,6.16,74337,47284.467,1.0
2024-03-28,6.16,6.61,6.12,6.49,81431,52713.212,1.0
2024-03-29,6.5,6.6,6.34,6.59,70025,45766.918,1.0
2024-04-01,6.63,6.74,6.57,6.59,71433,47699.236,1.0
2024-04-02,6.59,6.77,6.46,6.57,94601,63029.941,1.0
2024-04-03,6.54,6.55,6.25,6.32,70822,45205.216,1.0
2024-04-08,6.3,6.32,6.0,6.01,63276,38902.661,1.0
2024-04-09,6.05,6.15,5.97,6.08,51306,31329.92,1.0
2024-04-10,6.08,6.08,5.75,5.85,74134,43912.153,1.0
2024-04-11,5.83,6.08,5.65,5.93,76504,45848.722,1.0
2024-04-12,5.88,6.02,5.8,5.82,68827,40830.812,1.0
2024-04-15,5.77,5.88,5.46,5.6,101445,57885.576,1.0
2024-04-16,5.6,5.6,4.83,4.86,134026,67975.965,1.0
2024-04-17,4.94,5.49,4.93,5.44,124351,66447.728,1.0
2024-04-18,5.44,5.46,5.26,5.33,73643,39910.749,1.0
2024-04-19,5.34,5.4,5.18,5.19,69401,36845.173,1.0
2024-04-22,5.21,5.32,4.99,5.25,76175,40076.247,1.0
2024-04-23,5.26,5.6,5.26,5.6,96440,53345.716,1.0
2024-04-24,5.59,5.81,5.57,5.81,99632,57177.993,1.0
2024-04-25,5.84,5.95,5.7,5.82,74625,43611.713,1.0
2024-04-26,5.84,6.1,5.72,6.04,81853,49264.886,1.0
2024-04-29,5.95,6.1,5.95,6.1,89382,54463.515,1.0
2024-04-30,6.1,6.21,5.92,6.11,95743,58725.657,1.0
2024-05-06,6.11,6.24,6.06,6.12,75256,46547.014,1.0
2024-05-07,6.08,6.18,6.04,6.16,55885,34508.236,1.0
2024-05-08,6.14,6.14,6.01,6.02,50898,31064.074,1.0
2024-05-09,6.01,6.15,6.0,6.13,37097,22863.639,1.0
2024-05-10,6.15,6.21,5.96,6.0,42982,26179.47,1.0
2024-05-13,5.92,5.92,5.7,5.72,63295,36925.986,1.0
2024-05-14,5.73,5.94,5.73,5.89,58715,34819.949,1.0
2024-05-15,5.91,6.93,5.8,6.44,286408,185330.982,1.0
2024-05-16,6.19,6.41,6.14,6.21,241342,151825.31,1.0
2024-05-17,6.16,6.53,6.09,6.52,272751,174236.353,1.0
2024-05-20,6.4,6.65,6.33,6.6,228968,149990.091,1.0
2024-05-21,6.55,6.56,6.26,6.35,160068,102607.379,1.0
2024-05-22,6.35,6.39,6.21,6.33,111736,71033.969,1.0
2024-05-23,6.27,6.3,6.03,6.06,132907,82108.051,1.0
2024-05-24,6.02,6.41,6.02,6.12,149749,93844.332,1.0
2024-05-27,6.13,6.39,5.94,6.37,184746,116461.236,1.0
2024-05-28,6.25,6.73,6.2,6.73,325765,214573.172,1.0
2024-05-29,6.55,6.71,6.45,6.52,228448,151089.212,1.0
2024-05-30,6.5,6.95,6.16,6.26,237805,157175.586,1.0
2024-05-31,6.3,6.37,6.09,6.29,154836,97088.504,1.0
2024-06-03,6.19,6.29,5.89,5.97,158651,95490.52,1.0
2024-06-04,5.96,5.96,5.63,5.76,112372,64658.628,1.0
2024-06-05,5.7,5.73,5.49,5.49,94159,52553.007,1.0
2024-06-06,5.46,5.55,5.08,5.15,111324,58458.042,1.0
2024-06-07,5.23,5.4,5.19,5.32,82893,44135.86,1.0
2024-06-11,5.31,5.44,5.13,5.43,63823,34027.289,1.0
2024-06-12,5.38,5.58,5.38,5.53,59718,33121.526,1.0
2024-06-13,5.53,5.62,5.4,5.47,68278,37560.79,1.0
2024-06-14,5.45,5.65,5.37,5.56,72910,40672.503,1.0
2024-06-17,5.51,5.68,5.49,5.58,60103,33852.058,1.0
2024-06-18,5.59,5.86,5.54,5.83,106435,61343.772,1.0
2024-06-19,5.82,6.09,5.8,6.04,126895,76015.498,1.0
2024-06-20,6.13,6.45,5.92,5.96,197052,121149.079,1.0
2024-06-21,5.94,6.22,5.81,5.9,139213,84003.769,1.0
2024-06-24,5.79,6.04,5.76,5.81,140692,82813.227,1.0
2024-06-25,5.75,5.82,5.54,5.6,116938,66439.576,1.0
2024-06-26,5.57,5.98,5.5,5.98,130850,76035.565,1.0
2024-06-27,6.02,6.26,5.93,6.05,213801,130534.199,1.0
2024-06-28,6.02,6.21,5.96,6.06,174436,106508.537,1.0
2024-07-01,6.02,6.15,5.91,6.01,102959,61986.853,1.0
2024-07-02,6.01,6.38,5.97,6.21,172903,107807.472,1.0
2024-07-03,6.15,6.16,5.86,5.89,140836,84602.83,1.0
2024-07-04,5.9,5.97,5.64,5.64,93343,53886.227,1.0
2024-07-05,5.61,5.78,5.4,5.72,85337,48524.406,1.0
2024-07-08,5.72,5.72,5.45,5.5,76524,42435.292,1.0
2024-07-09,5.56,5.64,5.3,5.6,86290,47475.651,1.0
2024-07-10,5.58,5.65,5.44,5.49,59715,33253.113,1.0
2024-07-11,5.59,5.69,5.57,5.68,71348,40456.137,1.0
2024-07-12,5.69,5.93,5.53,5.81,104895,60059.235,1.0
2024-07-15,5.77,5.77,5.49,5.53,81321,45653.222,1.0
2024-07-16,5.51,5.57,5.43,5.5,46046,25422.42,1.0
2024-07-17,5.48,5.52,5.31,5.33,51766,27854.577,1.0
2024-07-18,5.26,5.28,5.08,5.24,51156,26568.886,1.0
2024-07-19,5.18,5.36,5.16,5.29,37528,19926.726,1.0
2024-07-22,5.3,5.57,5.3,5.52,70243,38535.413,1.0
2024-07-23,5.49,5.59,5.39,5.41,46232,25493.159,1.0
2024-07-24,5.38,5.44,5.27,5.31,42906,22921.433,1.0
2024-07-25,5.27,5.43,5.19,5.35,35309,18841.539,1.0
2024-07-26,5.35,5.49,5.29,5.48,34892,19066.117,1.0
2024-07-29,5.54,5.58,5.42,5.55,48060,26630.509,1.0
2024-07-30,5.53,5.63,5.49,5.63,43498,24344.176,1.0
2024-07-31,5.63,5.76,5.57,5.75,62787,35829.186,1.0
2024-08-01,5.76,6.14,5.7,6.11,160048,95153.881,1.0
2024-08-02,5.98,6.0,5.71,5.71,128049,74973.227,1.0
2024-08-05,5.67,5.74,5.47,5.47,92234,51985.559,1.0
2024-08-06,5.57,5.65,5.48,5.62,51911,28942.62,1.0
2024-08-07,5.7,5.85,5.65,5.78,88141,50993.236,1.0
2024-08-08,5.79,5.8,5.57,5.57,62984,35665.856,1.0
2024-08-09,5.6,5.67,5.5,5.52,47078,26321.77,1.0
2024-08-12,5.52,5.56,5.41,5.45,33978,18663.391,1.0
2024-08-13,5.45,5.54,5.39,5.53,33294,18333.253,1.0
2024-08-14,5.56,5.62,5.51,5.56,36172,20232.621,1.0
2024-08-15,5.54,5.77,5.48,5.76,69413,39568.873,1.0
2024-08-16,5.73,5.8,5.71,5.75,46511,26864.012,1.0
2024-08-19,5.75,5.86,5.66,5.76,41996,24272.363,1.0
2024-08-20,5.83,5.84,5.62,5.64,38859,22109.145,1.0
2024-08-21,5.63,5.77,5.62,5.64,30878,17618.455,1.0
2024-08-22,5.64,5.75,5.53,5.57,45646,25762.474,1.0
2024-08-23,6.21,6.58,5.66,5.8,219371,130733.915,1.0
2024-08-26,5.64,5.72,5.48,5.57,150639,84135.666,1.0
2024-08-27,5.49,5.58,5.36,5.37,85865,46851.595,1.0
2024-08-28,5.33,5.55,5.28,5.47,60587,33077.171,1.0
2024-08-29,5.46,5.59,5.38,5.54,54576,30236.082,1.0
2024-08-30,5.57,5.79,5.52,5.68,82027,46893.687,1.0
2024-09-02,5.71,5.73,5.56,5.56,49050,27805.755,1.0
2024-09-03,5.58,5.75,5.56,5.75,68080,38715.462,1.0
2024-09-04,5.68,5.76,5.66,5.68,50103,28710.453,1.0
2024-09-05,5.65,5.81,5.65,5.76,50030,28897.842,1.0
2024-09-06,5.8,5.85,5.6,5.61,60944,34781.655,1.0
2024-09-09,5.58,5.69,5.49,5.61,53045,29800.016,1.0
2024-09-10,5.6,6.07,5.6,5.91,259087,152221.428,1.0
2024-09-11,5.84,5.91,5.69,5.76,167794,97473.8,1.0
2024-09-12,5.73,5.99,5.72,5.88,147688,87262.583,1.0
2024-09-13,5.85,5.94,5.69,5.7,98571,57382.182,1.0
2024-09-18,5.74,6.66,5.63,6.22,382486,239154.276,1.0
2024-09-19,6.06,6.23,5.95,6.23,338421,207092.441,1.0
2024-09-20,6.14,6.23,6.04,6.14,243117,149546.085,1.0
2024-09-23,6.11,6.2,5.97,6.02,181799,110638.639,1.0
2024-09-24,5.96,6.17,5.86,6.14,234894,142527.228,1.0
2024-09-25,6.13,6.4,6.11,6.19,255201,159848.651,1.0
2024-09-26,6.26,6.33,6.13,6.3,202190,126757.081,1.0
2024-09-27,6.35,6.79,6.25,6.77,306257,200887.385,1.0
2024-09-30,7.11,7.95,6.89,7.83,417814,308199.691,1.0
2024-10-08,9.35,9.35,8.12,9.01,464844,407727.804,1.0
2024-10-09,8.23,8.54,7.61,7.61,320241,262497.558,1.0
2024-10-10,7.75,8.01,7.42,7.55,175067,135043.391,1.0
2024-10-11,7.47,7.53,6.98,7.07,168433,121571.323,1.0
2024-10-14,7.08,7.49,6.96,7.4,151185,109553.962,1.0
2024-10-15,7.47,8.19,7.29,7.66,310477,244767.329,1.0
2024-10-16,7.46,7.78,7.3,7.62,194450,147893.332,1.0
2024-10-17,7.66,7.89,7.57,7.71,199394,155051.535,1.0
2024-10-18,7.74,8.16,7.63,7.97,259163,204838.065,1.0
2024-10-21,7.99,8.29,7.83,8.22,299914,241791.824,1.0
2024-10-22,8.1,8.12,7.78,7.81,205602,163864.291,1.0
2024-10-23,7.83,8.06,7.7,7.81,128518,101604.143,1.0
2024-10-24,7.75,7.79,7.56,7.65,110475,84745.223,1.0
2024-10-25,7.62,7.82,7.62,7.78,91036,70577.274,1.0
2024-10-28,7.88,8.51,7.88,8.48,337648,280290.653,1.0
2024-10-29,8.48,8.48,7.99,8.2,276531,226650.187,1.0
2024-10-30,8.46,9.18,8.26,8.61,439230,382870.273,1.0
2024-10-31,8.41,8.72,8.16,8.43,332826,280676.953,1.0
2024-11-01,8.29,8.31,7.51,7.59,267951,211558.311,1.0
2024-11-04,7.7,7.86,7.58,7.76,128725,99883.109,1.0
2024-11-05,7.72,8.05,7.72,8.01,159276,126458.586,1.0
2024-11-06,7.98,8.15,7.87,8.02,179567,144544.813,1.0
2024-11-07,7.97,8.21,7.89,8.21,151766,122877.642,1.0
2024-11-08,8.35,8.46,8.18,8.33,191873,160086.649,1.0
2024-11-11,8.28,8.58,8.21,8.56,176336,149239.17,1.0
2024-11-12,8.62,8.62,7.99,8.26,178820,149657.357,1.0
2024-11-13,8.38,8.57,8.09,8.52,218539,183898.885,1.0
2024-11-14,8.48,8.56,8.16,8.17,150115,125459.828,1.0
2024-11-15,8.14,8.53,8.12,8.42,239831,201491.414,1.0
2024-11-18,8.45,8.48,7.47,7.6,217004,168462.938,1.0
2024-11-19,7.6,7.72,7.39,7.72,107218,81034.672,1.0
2024-11-20,7.59,8.14,7.58,8.0,141250,112087.231,1.0
2024-11-21,7.97,8.47,7.89,8.17,143373,116916.113,1.0
2024-11-22,8.12,8.34,7.79,7.8,139367,113290.579,1.0
2024-11-25,7.96,8.11,7.64,8.04,117305,92870.515,1.0
2024-11-26,8.03,8.18,7.85,7.95,98509,79272.672,1.0
2024-11-27,7.89,8.26,7.62,8.26,176320,142316.203,1.0
2024-11-28,8.26,8.78,8.16,8.56,272548,230848.031,1.0
2024-11-29,8.98,9.47,8.26,8.77,495430,437362.391,1.0
2024-12-02,8.49,8.77,8.45,8.68,308102,265866.496,1.0
2024-12-03,8.6,10.42,8.6,10.42,597751,584012.697,1.0
2024-12-04,11.93,11.93,10.16,10.29,1065911,1209674.811,1.0
2024-12-05,10.28,10.97,9.99,10.46,695563,729355.964,1.0
2024-12-06,10.31,10.47,9.6,9.7,601049,594846.488,1.0
2024-12-09,9.59,10.17,9.44,9.83,434422,425887.362,1.0
2024-12-10,10.18,10.86,9.76,10.61,640145,657359.625,1.0
2024-12-11,10.32,10.56,10.08,10.18,380732,389991.168,1.0
2024-12-12,10.21,10.65,10.04,10.35,387028,401877.617,1.0
2024-12-13,10.07,10.15,9.76,9.77,312896,311827.552,1.0
2024-12-16,9.69,10.12,9.53,9.9,179861,176239.747,1.0
2024-12-17,10.06,10.35,9.68,9.73,308417,312054.671,1.0
2024-12-18,9.51,10.21,8.97,9.75,273903,259875.465,1.0
2024-12-19,9.47,9.99,9.44,9.7,207117,201295.85,1.0
2024-12-20,9.58,10.43,9.58,10.28,406328,414695.806,1.0
2024-12-23,10.19,10.24,9.16,9.16,346001,333301.813,1.0
2024-12-24,9.23,9.33,8.56,8.81,251343,222351.423,1.0
2024-12-25,8.69,8.77,8.09,8.22,221027,183830.427,1.0
2024-12-26,8.33,8.48,8.26,8.31,134870,113240.908,1.0
2024-12-27,8.29,8.67,8.26,8.46,176118,150481.27,1.0
2024-12-30,8.45,8.66,8.0,8.58,164381,137951.524,1.0
2024-12-31,8.59,8.68,8.08,8.12,133170,111164.874,1.0
2025-01-02,8.12,8.26,7.78,7.89,122693,98662.301,1.0
2025-01-03,8.0,8.07,7.23,7.33,150344,113388.017,1.0
2025-01-06,7.3,7.38,6.91,7.18,92393,66703.622,1.0
2025-01-07,7.37,7.67,7.33,7.54,116206,87147.427,1.0
2025-01-08,7.56,7.78,7.22,7.61,146252,110479.142,1.0
2025-01-09,7.57,7.86,7.49,7.63,122591,94303.155,1.0
2025-01-10,7.63,7.71,7.26,7.3,98327,73903.516,1.0
2025-01-13,7.2,7.78,6.99,7.55,151321,112753.224,1.0
2025-01-14,7.8,8.3,7.66,8.28,238376,192679.609,1.0
2025-01-15,8.28,8.33,8.05,8.09,162897,133195.093,1.0
2025-01-16,8.13,8.28,7.91,8.06,126527,102609.121,1.0
2025-01-17,8.09,8.48,7.94,8.09,202454,167211.599,1.0
2025-01-20,8.18,8.22,7.87,8.0,129851,104219.807,1.0
2025-01-21,8.07,8.12,7.86,7.94,90149,71892.013,1.0
2025-01-22,7.91,7.95,7.75,7.76,73219,57464.594,1.0
2025-01-23,7.87,9.13,7.87,8.29,333723,284853.571,1.0
2025-01-24,8.3,9.29,8.28,9.16,495156,436039.407,1.0
2025-01-27,9.16,9.37,8.88,8.9,291268,263876.31,1.0
2025-02-05,9.27,9.48,9.07,9.31,304574,284232.576,1.0
2025-02-06,9.14,9.25,8.79,9.23,361215,327390.391,1.0
2025-02-07,9.37,10.36,9.37,9.69,478787,467077.977,1.0
2025-02-10,9.73,9.91,9.59,9.91,347224,337988.626,1.0
2025-02-11,9.82,10.14,9.5,9.78,402064,392601.378,1.0
2025-02-12,9.52,9.82,9.52,9.74,253820,246968.932,1.0
2025-02-13,9.65,9.7,9.39,9.51,231190,221055.023,1.0
2025-02-14,10.1,10.21,9.59,9.94,456880,451308.818,1.0
2025-02-17,9.83,10.01,9.69,9.85,339425,334987.5,1.0
2025-02-18,9.73,9.95,9.25,9.29,264288,253471.157,1.0
2025-02-19,9.3,9.51,9.23,9.42,162515,152947.099,1.0
2025-02-20,9.38,9.52,9.32,9.45,137839,130195.468,1.0
2025-02-21,9.45,9.94,9.25,9.72,242209,233523.492,1.0
2025-02-24,9.71,9.71,9.29,9.46,182716,172840.628,1.0
2025-02-25,9.28,9.61,9.18,9.37,139105,130414.125,1.0
2025-02-26,9.45,9.96,9.45,9.69,248951,242226.571,1.0
2025-02-27,9.67,9.76,9.18,9.43,202457,191108.867,1.0
2025-02-28,9.35,9.38,8.5,8.7,169322,152751.557,1.0
2025-03-03,8.74,9.31,8.66,8.86,161931,145648.469,1.0
2025-03-04,8.77,9.28,8.69,9.16,159325,145238.992,1.0
2025-03-05,9.18,9.19,8.89,9.13,113835,103154.763,1.0
2025-03-06,9.18,9.79,9.17,9.78,275568,264673.069,1.0
2025-03-07,9.78,9.9,9.39,9.49,219634,213441.976,1.0
2025-03-10,9.48,9.54,9.19,9.33,139633,130435.796,1.0
2025-03-11,9.19,9.52,9.11,9.5,163750,152596.83,1.0
2025-03-12,9.57,9.78,9.57,9.63,232614,225702.554,1.0
2025-03-13,9.54,9.57,9.0,9.21,186976,172722.821,1.0
2025-03-14,9.19,9.32,9.02,9.29,118077,108866.678,1.0
2025-03-17,9.27,9.33,9.12,9.19,89228,82360.712,1.0
2025-03-18,9.21,9.39,9.16,9.23,104506,97080.44,1.0
2025-03-19,9.17,9.18,9.03,9.1,90917,82890.985,1.0
2025-03-20,9.12,9.36,9.01,9.15,99340,91447.62,1.0
2025-03-21,9.1,9.13,8.85,8.88,99280,89178.548,1.0
2025-03-24,8.89,8.89,8.27,8.5,102936,88186.304,1.0
2025-03-25,8.71,9.71,8.71,8.91,258289,232271.141,1.0
2025-03-26,8.66,9.06,8.46,8.77,217131,189557.003,1.0
2025-03-27,8.69,8.79,8.4,8.48,133963,114625.042,1.0
2025-03-28,8.47,8.55,8.34,8.34,83613,70662.574,1.0
2025-03-31,8.32,8.76,8.08,8.56,113569,94657.073,1.0
2025-04-01,8.48,8.59,8.36,8.37,91734,77633.163,1.0
2025-04-02,8.34,8.5,8.34,8.39,47393,40058.138,1.0
2025-04-03,8.31,8.48,8.26,8.28,54432,45507.039,1.0
2025-04-07,7.65,7.76,6.62,6.62,164315,116271.979,1.0
2025-04-08,6.75,7.08,6.67,6.83,135833,93613.191,1.0
2025-04-09,6.77,7.2,6.18,7.15,164983,111643.461,1.0
2025-04-10,7.29,7.54,7.29,7.36,112500,83916.422,1.0
2025-04-11,7.28,7.49,7.28,7.35,70681,52398.791,1.0
2025-04-14,7.48,7.61,7.44,7.49,73278,55297.779,1.0
2025-04-15,7.54,7.62,7.44,7.55,68959,51959.618,1.0
2025-04-16,7.48,7.55,7.25,7.41,64437,47864.188,1.0
2025-04-17,7.34,7.98,7.3,7.67,187674,145543.37,1.0
2025-04-18,7.7,7.74,7.39,7.45,116526,87836.671,1.0
2025-04-21,7.46,7.86,7.39,7.76,103623,79621.546,1.0
2025-04-22,7.72,7.81,7.66,7.73,70323,54461.969,1.0
2025-04-23,7.76,7.87,7.7,7.76,71744,55894.547,1.0
2025-04-24,7.74,7.76,7.53,7.61,57820,44220.452,1.0
2025-04-25,7.66,7.73,7.59,7.62,49434,37944.965,1.0
2025-04-28,7.69,7.8,7.61,7.71,68519,52918.239,1.0
2025-04-29,7.84,7.96,7.72,7.88,90405,71323.518,1.0
2025-04-30,7.89,8.5,7.89,8.11,148475,121701.986,1.0
2025-05-06,8.28,8.82,8.18,8.78,231241,198237.043,1.0
2025-05-07,8.77,8.89,8.46,8.58,204545,177572.837,1.0
2025-05-08,8.56,8.77,8.55,8.68,116711,101506.206,1.0
2025-05-09,8.64,8.68,8.42,8.48,101549,86704.568,1.0
2025-05-12,8.5,8.57,8.43,8.53,78452,66899.579,1.0
2025-05-13,8.6,8.82,8.47,8.51,129272,111570.725,1.0
2025-05-14,8.49,8.6,8.4,8.54,82406,70212.129,1.0
2025-05-15,8.49,8.5,8.3,8.35,64660,54245.831,1.0
2025-05-16,8.31,8.41,8.26,8.36,40753,34149.534,1.0
2025-05-19,8.36,8.46,8.26,8.42,58203,48900.126,1.0
2025-05-20,8.42,8.65,8.34,8.5,90523,76923.275,1.0
2025-05-21,8.54,8.6,8.29,8.38,63946,53777.814,1.0
2025-05-22,8.35,8.5,8.29,8.31,57786,48549.951,1.0
2025-05-23,8.33,8.42,8.13,8.14,69710,57826.304,1.0
2025-05-26,8.13,8.4,8.13,8.4,78030,65182.024,1.0
2025-05-27,8.39,8.39,8.24,8.3,63944,53144.038,1.0
2025-05-28,8.31,8.45,8.26,8.29,64374,53731.889,1.0
2025-05-29,8.29,8.62,8.24,8.62,108029,92242.548,1.0
2025-05-30,8.58,8.61,8.31,8.33,74770,63060.922,1.0
2025-06-03,8.26,8.48,8.26,8.38,55046,46419.375,1.0
2025-06-04,8.39,8.45,8.35,8.39,42176,35445.805,1.0
2025-06-05,8.43,8.58,8.36,8.56,94593,80760.525,1.0
2025-06-06,8.52,8.62,8.48,8.54,63330,54176.392,1.0
2025-06-09,8.59,8.84,8.56,8.74,90391,78651.783,1.0
2025-06-10,8.73,8.76,8.44,8.56,90866,78022.224,1.0
2025-06-11,8.55,8.67,8.52,8.55,52895,45356.977,1.0
2025-06-12,8.51,8.62,8.45,8.58,52751,45173.096,1.0
2025-06-13,8.53,8.6,8.33,8.35,56925,47863.639,1.0
2025-06-16,8.33,9.17,8.33,8.79,234880,206502.676,1.0
2025-06-17,8.72,8.88,8.65,8.8,169440,148782.65,1.0
2025-06-18,8.7,8.83,8.65,8.8,111686,97617.904,1.0
2025-06-19,8.82,8.9,8.51,8.55,104753,90753.906,1.0
2025-06-20,8.56,8.74,8.47,8.49,119924,102923.342,1.0
2025-06-23,8.4,8.75,8.35,8.72,102217,87927.984,1.0
2025-06-24,8.76,9.14,8.73,9.0,180110,161534.86,1.0
2025-06-25,8.95,9.06,8.86,9.01,146650,131297.443,1.0
2025-06-26,8.92,9.21,8.88,9.16,187875,170629.26,1.0
2025-06-27,9.18,9.18,8.95,8.95,141098,127464.084,1.0
2025-06-30,8.96,9.15,8.96,9.13,125134,113572.112,1.0
2025-07-01,9.14,9.14,8.89,8.99,98129,88367.803,1.0
2025-07-02,8.96,9.04,8.79,8.9,73518,65271.341,1.0
2025-07-03,8.9,8.97,8.83,8.9,56082,49847.619,1.0
2025-07-04,8.9,8.97,8.72,8.81,89603,79198.273,1.0
2025-07-07,8.81,9.08,8.76,8.99,98119,87705.219,1.0
2025-07-08,9.01,9.12,8.94,9.05,92187,83123.735,1.0
2025-07-09,9.05,9.2,8.99,9.13,133372,121299.328,1.0
2025-07-10,9.05,10.49,8.98,9.98,638371,624309.165,1.0
2025-07-11,9.82,9.82,9.3,9.54,499984,476123.85,1.0
2025-07-14,9.52,9.54,9.22,9.41,231648,216638.162,1.0
2025-07-15,9.41,9.45,9.08,9.27,227216,209262.035,1.0
2025-07-16,9.21,10.26,9.18,9.6,451750,439456.161,1.0
2025-07-17,9.62,11.52,9.32,11.52,899363,954182.271,1.0
2025-07-18,11.96,12.19,10.97,11.15,1054281,1196860.039,1.0
2025-07-21,10.76,11.02,10.67,10.81,559072,604033.154,1.0
2025-07-22,10.75,11.01,10.44,10.47,481068,511823.672,1.0
2025-07-23,10.52,10.66,10.28,10.31,359657,377081.781,1.0
2025-07-24,10.25,10.55,10.15,10.43,283479,293448.621,1.0
2025-07-25,10.39,10.98,10.27,10.96,572044,613287.99,1.0
2025-07-28,10.89,10.89,10.55,10.71,322072,343203.431,1.0
2025-07-29,10.78,10.97,10.65,10.68,350258,378614.965,1.0
2025-07-30,10.56,10.57,10.05,10.22,349663,358157.13,1.0
2025-07-31,10.5,11.56,10.4,10.96,804398,891889.527,1.0
2025-08-01,11.15,11.45,10.65,11.32,660516,726998.35,1.0
2025-08-04,11.33,13.58,11.33,13.58,1064569,1354999.375,1.0
2025-08-05,13.14,13.27,12.67,12.76,1011205,1301543.501,1.0
2025-08-06,12.61,13.76,12.52,13.7,959349,1238736.36,1.0
2025-08-07,13.2,15.99,13.2,15.04,1204906,1745804.963,1.0
2025-08-08,13.99,14.25,13.03,13.1,952068,1285129.227,1.0
2025-08-11,13.1,13.73,12.83,13.41,608084,808081.911,1.0
2025-08-12,13.28,13.68,13.07,13.09,464202,615930.251,1.0
2025-08-13,12.95,13.16,12.62,13.0,440905,569943.293,1.0
2025-08-14,13.01,13.03,12.3,12.31,473482,593592.1,1.0
2025-08-15,12.52,12.85,12.36,12.8,376520,477149.478,1.0
2025-08-18,12.8,13.12,12.78,13.02,410364,532525.115,1.0
2025-08-19,13.01,14.0,12.81,13.81,778712,1056527.55,1.0
2025-08-20,13.49,13.5,13.11,13.47,408990,545588.945,1.0
2025-08-21,13.29,14.27,13.29,14.08,676259,939529.521,1.0
2025-08-22,13.9,14.5,13.8,14.15,534681,754758.05,1.0
2025-08-25,13.91,14.1,13.41,13.74,444273,610446.346,1.0
2025-08-26,13.6,13.8,13.23,13.29,330401,444018.785,1.0
2025-08-27,13.58,14.04,13.3,13.33,397841,545330.079,1.0
2025-08-28,12.69,12.84,11.67,12.44,525605,646981.91,1.0
2025-08-29,12.25,12.39,11.8,11.83,318229,380439.954,1.0
2025-09-01,11.79,11.98,11.74,11.81,195729,231699.047,1.0
2025-09-02,11.8,11.87,11.27,11.45,214665,245956.235,1.0
2025-09-03,11.58,11.62,11.03,11.09,148978,168169.898,1.0
2025-09-04,11.05,11.32,10.88,11.1,159862,178357.891,1.0
2025-09-05,11.08,11.85,11.0,11.82,281438,324134.458,1.0
2025-09-08,11.7,11.84,11.46,11.73,215936,251055.808,1.0
2025-09-09,11.64,11.69,11.25,11.3,150699,172122.266,1.0
2025-09-10,11.3,11.45,11.23,11.31,108416,122790.503,1.0
2025-09-11,11.28,11.63,11.16,11.6,180242,205653.435,1.0
2025-09-12,11.53,11.65,11.37,11.43,157536,181046.577,1.0
2025-09-15,11.38,11.47,11.18,11.34,142390,161024.771,1.0
2025-09-16,11.38,11.66,11.38,11.61,175641,202795.154,1.0
2025-09-17,11.5,11.63,11.42,11.56,136105,156889.778,1.0
2025-09-18,11.5,11.55,11.01,11.12,219854,249150.464,1.0
2025-09-19,11.04,11.22,10.98,11.07,147452,163346.351,1.0
2025-09-22,11.16,11.63,11.03,11.61,267935,305135.464,1.0
2025-09-23,11.76,11.8,11.17,11.45,313936,359286.448,1.0
2025-09-24,11.39,12.12,11.12,12.0,444936,517291.525,1.0
2025-09-25,12.09,12.45,11.88,12.17,445108,544052.09,1.0
2025-09-26,11.9,12.62,11.9,12.23,335849,413151.28,1.0
2025-09-29,12.09,12.11,11.68,11.81,248229,294587.532,1.0
2025-09-30,11.97,12.15,11.69,11.69,198687,235443.18,1.0
2025-10-09,11.76,11.84,11.27,11.39,222005,254580.196,1.0
2025-10-10,11.3,11.36,10.97,10.98,185453,206102.098,1.0
2025-10-13,10.17,10.94,10.17,10.92,125010,133841.576,1.0
2025-10-14,10.95,11.15,10.56,10.63,121163,131254.307,1.0
2025-10-15,10.63,11.0,10.53,10.87,121273,131304.699,1.0
2025-10-16,10.8,10.82,10.53,10.58,106700,113517.84,1.0
2025-10-17,10.57,10.63,10.25,10.26,96269,100055.485,1.0
2025-10-20,10.35,10.5,10.28,10.4,104844,108958.99,1.0
2025-10-21,10.41,10.54,10.3,10.52,76658,80351.36,1.0
2025-10-22,10.42,10.54,10.36,10.41,81688,85332.816,1.0
2025-10-23,10.4,10.49,10.2,10.48,77445,79892.486,1.0
2025-10-24,10.46,10.65,10.45,10.47,100171,105678.65,1.0
2025-10-27,10.49,10.58,10.4,10.53,85775,90045.041,1.0
2025-10-28,10.46,10.74,10.38,10.61,129783,137574.475,1.0
2025-10-29,10.68,10.85,10.48,10.53,172225,182642.882,1.0
2025-10-30,10.46,10.46,10.22,10.25,138372,142735.834,1.0
2025-10-31,10.31,11.16,10.31,10.93,318781,346059.306,1.0
2025-11-03,11.08,11.1,10.77,11.01,187385,205282.092,1.0
2025-11-04,10.94,10.99,10.82,10.9,91022,99072.241,1.0
2025-11-05,10.8,11.18,10.67,11.08,158590,174644.682,1.0
2025-11-06,11.07,11.07,10.73,10.8,133184,144059.494,1.0
2025-11-07,10.71,10.8,10.56,10.62,92549,98365.685,1.0
2025-11-10,10.62,10.92,10.62,10.72,88237,94760.373,1.0
2025-11-11,10.73,11.37,10.62,11.05,237918,261524.05,1.0
2025-11-12,11.03,11.07,10.52,10.58,189050,202697.626,1.0
2025-11-13,10.59,10.65,10.48,10.6,94010,99405.665,1.0
2025-11-14,10.53,11.26,10.47,10.79,254883,278991.113,1.0
2025-11-17,10.63,11.24,10.63,11.11,250830,276417.312,1.0
2025-11-18,11.05,11.22,11.0,11.11,208969,232324.71,1.0
2025-11-19,11.3,11.66,11.12,11.52,425174,487991.339,1.0
2025-11-20,11.43,11.45,11.01,11.02,263608,294380.949,1.0
2025-11-21,10.87,11.26,10.65,10.9,230810,253904.143,1.0
2025-11-24,10.81,11.6,10.68,11.55,348460,393596.723,1.0
2025-11-25,11.52,12.25,11.46,11.85,406479,481223.468,1.0
2025-11-26,11.82,12.03,11.5,11.59,310987,364826.738,1.0
2025-11-27,11.55,11.67,11.31,11.32,169206,193261.583,1.0
2025-11-28,11.34,11.6,11.17,11.32,172175,194764.615,1.0
2025-12-01,11.22,11.34,11.1,11.27,129296,145224.626,1.0
2025-12-02,11.23,11.25,10.85,10.9,159798,175061.337,1.0
2025-12-03,10.87,10.89,10.28,10.31,203496,213112.596,1.0
2025-12-04,10.34,10.38,10.0,10.06,114276,115628.203,1.0
2025-12-05,10.05,10.26,9.94,10.24,94418,95618.88,1.0
2025-12-08,10.21,10.79,10.21,10.71,168860,178214.279,1.0
2025-12-09,10.61,10.9,10.36,10.38,140743,148801.527,1.0
2025-12-10,10.31,10.34,10.16,10.28,92156,94237.383,1.0
2025-12-11,10.22,10.4,10.05,10.29,131670,134209.447,1.0
2025-12-12,10.3,10.31,10.07,10.1,92598,94035.06,1.0
2025-12-15,10.01,10.5,9.9,10.18,121250,123187.318,1.0
2025-12-16,10.09,10.16,9.88,9.92,99450,99171.983,1.0
2025-12-17,9.9,10.12,9.85,10.07,78749,78588.092,1.0
2025-12-18,9.99,10.16,9.94,10.03,56461,56929.247,1.0
2025-12-19,10.0,10.19,9.99,10.12,54923,55519.376,1.0
2025-12-22,10.12,10.22,10.1,10.12,54782,55631.434,1.0
2025-12-23,10.15,10.15,9.92,9.93,65563,65551.138,1.0
2025-12-24,9.95,10.04,9.93,10.03,45429,45501.019,1.0
2025-12-25,10.11,10.15,10.0,10.12,61561,62087.672,1.0
2025-12-26,10.12,10.16,10.01,10.07,62620,63119.87,1.0
2025-12-29,10.03,10.07,9.96,9.96,52406,52370.606,1.0
2025-12-30,9.95,10.08,9.93,9.95,58185,58159.518,1.0
2025-12-31,9.95,10.25,9.95,10.18,111997,113302.7,1.0
2026-01-05,10.18,10.75,10.1,10.62,208359,218357.568,1.0
2026-01-06,10.56,10.6,10.43,10.52,135719,142596.599,1.0
2026-01-07,10.51,10.59,10.32,10.35,100936,105035.692,1.0
2026-01-08,10.32,10.8,10.32,10.72,182519,194185.717,1.0
2026-01-09,10.53,12.86,10.53,12.1,804717,966201.457,1.0
2026-01-12,13.0,14.52,12.63,14.52,1358558,1866283.753,1.0
2026-01-13,14.5,14.5,13.02,13.66,990478,1369933.219,1.0
2026-01-14,13.89,15.03,13.68,14.0,1005117,1431517.647,1.0
2026-01-15,13.35,13.53,12.59,12.82,643650,836590.557,1.0
2026-01-16,12.85,12.96,12.01,12.24,409464,506118.2628,1.0
